
insert into HoTen (Ho, Dem, Ten) values ('Shakelade', 'Ryon', 'Benji');
insert into HoTen (Ho, Dem, Ten) values ('Heater', 'Lura', 'Laure');
insert into HoTen (Ho, Dem, Ten) values ('Exter', 'Elana', 'Rochell');
insert into HoTen (Ho, Dem, Ten) values ('Mizzen', 'Bamby', 'Milt');
insert into HoTen (Ho, Dem, Ten) values ('Buscombe', 'Minni', 'Lesley');
insert into HoTen (Ho, Dem, Ten) values ('Reiach', 'Nap', 'Brianne');
insert into HoTen (Ho, Dem, Ten) values ('Creighton', 'Ab', 'Yoko');
insert into HoTen (Ho, Dem, Ten) values ('Buckerfield', 'Michelina', 'Virgina');
insert into HoTen (Ho, Dem, Ten) values ('Haspineall', 'Kayne', 'Craig');
insert into HoTen (Ho, Dem, Ten) values ('Foskin', 'Haroun', 'Meta');
insert into HoTen (Ho, Dem, Ten) values ('Sowle', 'David', 'Marchelle');
insert into HoTen (Ho, Dem, Ten) values ('Antonin', 'Winfield', 'Charlton');
insert into HoTen (Ho, Dem, Ten) values ('Wattingham', 'Brook', 'Jarred');
insert into HoTen (Ho, Dem, Ten) values ('Hulett', 'Keelia', 'Joli');
insert into HoTen (Ho, Dem, Ten) values ('Willows', 'Zollie', 'Sandi');
insert into HoTen (Ho, Dem, Ten) values ('Noulton', 'Christine', 'Dorthea');
insert into HoTen (Ho, Dem, Ten) values ('Chainey', 'Malinde', 'Nell');
insert into HoTen (Ho, Dem, Ten) values ('Vickars', 'Flossie', 'Janessa');
insert into HoTen (Ho, Dem, Ten) values ('Dibb', 'Felipa', 'Ingemar');
insert into HoTen (Ho, Dem, Ten) values ('Exall', 'Jesse', 'Claudianus');
insert into HoTen (Ho, Dem, Ten) values ('Harce', 'Gwenni', 'Damiano');
insert into HoTen (Ho, Dem, Ten) values ('Radmore', 'Felike', 'Kenyon');
insert into HoTen (Ho, Dem, Ten) values ('Ros', 'Maurita', 'Lucian');
insert into HoTen (Ho, Dem, Ten) values ('Blakiston', 'Stewart', 'Russ');
insert into HoTen (Ho, Dem, Ten) values ('Scrooby', 'Darby', 'Zia');
insert into HoTen (Ho, Dem, Ten) values ('Lambert', 'Myrtle', 'Hube');
insert into HoTen (Ho, Dem, Ten) values ('Spiteri', 'Philipa', 'Shelba');
insert into HoTen (Ho, Dem, Ten) values ('Seager', 'Melita', 'Marcelo');
insert into HoTen (Ho, Dem, Ten) values ('Coniff', 'Jaimie', 'Antonietta');
insert into HoTen (Ho, Dem, Ten) values ('Crosi', 'Kirby', 'Irene');
insert into HoTen (Ho, Dem, Ten) values ('MacAless', 'Jennifer', 'Indira');
insert into HoTen (Ho, Dem, Ten) values ('Crosston', 'Erna', 'Adriaens');
insert into HoTen (Ho, Dem, Ten) values ('Rizzolo', 'Guenna', 'Evvy');
insert into HoTen (Ho, Dem, Ten) values ('Teager', 'Nickolai', 'Mehetabel');
insert into HoTen (Ho, Dem, Ten) values ('Pulham', 'Garreth', 'Kip');
insert into HoTen (Ho, Dem, Ten) values ('Do Rosario', 'Ruthanne', 'Ransell');
insert into HoTen (Ho, Dem, Ten) values ('Suddock', 'Elsey', 'Van');
insert into HoTen (Ho, Dem, Ten) values ('Siemantel', 'Giuditta', 'Gar');
insert into HoTen (Ho, Dem, Ten) values ('Hastie', 'Elvyn', 'Shurlock');
insert into HoTen (Ho, Dem, Ten) values ('McPhelim', 'Inger', 'Hildegarde');
insert into HoTen (Ho, Dem, Ten) values ('Spaldin', 'Lyn', 'Dar');
insert into HoTen (Ho, Dem, Ten) values ('Clowsley', 'Drusi', 'Rich');
insert into HoTen (Ho, Dem, Ten) values ('McLleese', 'Arabel', 'Justinian');
insert into HoTen (Ho, Dem, Ten) values ('Karys', 'Saundra', 'Corey');
insert into HoTen (Ho, Dem, Ten) values ('Cranage', 'Shelley', 'Alvan');
insert into HoTen (Ho, Dem, Ten) values ('Keir', 'Walliw', 'Andree');
insert into HoTen (Ho, Dem, Ten) values ('Turle', 'Minette', 'Alisun');
insert into HoTen (Ho, Dem, Ten) values ('Lofts', 'Witty', 'Franzen');
insert into HoTen (Ho, Dem, Ten) values ('Gladdor', 'Yvon', 'Zoe');
insert into HoTen (Ho, Dem, Ten) values ('Kilgannon', 'Dynah', 'Hollyanne');


insert into DiaChi (Sonha, Phuong_xa, Huyen_quan, Tinh) values ('89', 'Buhler', 'District of Columbia', 'Washington');
insert into DiaChi (Sonha, Phuong_xa, Huyen_quan, Tinh) values ('04115', 'Hintze', 'California', 'San Jose');
insert into DiaChi (Sonha, Phuong_xa, Huyen_quan, Tinh) values ('0861', 'Drewry', 'Kansas', 'Topeka');
insert into DiaChi (Sonha, Phuong_xa, Huyen_quan, Tinh) values ('3012', 'Susan', 'Ohio', 'Columbus');
insert into DiaChi (Sonha, Phuong_xa, Huyen_quan, Tinh) values ('10905', 'Independence', 'North Carolina', 'Raleigh');
insert into DiaChi (Sonha, Phuong_xa, Huyen_quan, Tinh) values ('07355', 'Kings', 'Missouri', 'Kansas City');
insert into DiaChi (Sonha, Phuong_xa, Huyen_quan, Tinh) values ('314', 'Dawn', 'Massachusetts', 'Springfield');
insert into DiaChi (Sonha, Phuong_xa, Huyen_quan, Tinh) values ('8092', 'Stone Corner', 'New York', 'New York City');
insert into DiaChi (Sonha, Phuong_xa, Huyen_quan, Tinh) values ('4', 'Mallard', 'Illinois', 'Springfield');
insert into DiaChi (Sonha, Phuong_xa, Huyen_quan, Tinh) values ('66978', 'Clemons', 'Maryland', 'Rockville');
insert into DiaChi (Sonha, Phuong_xa, Huyen_quan, Tinh) values ('56730', 'Shopko', 'Washington', 'Seattle');
insert into DiaChi (Sonha, Phuong_xa, Huyen_quan, Tinh) values ('127', 'Hooker', 'Alabama', 'Birmingham');
insert into DiaChi (Sonha, Phuong_xa, Huyen_quan, Tinh) values ('94541', 'Packers', 'Wisconsin', 'Appleton');
insert into DiaChi (Sonha, Phuong_xa, Huyen_quan, Tinh) values ('269', 'Aberg', 'Texas', 'Dallas');
insert into DiaChi (Sonha, Phuong_xa, Huyen_quan, Tinh) values ('5679', 'Scoville', 'Oklahoma', 'Tulsa');
insert into DiaChi (Sonha, Phuong_xa, Huyen_quan, Tinh) values ('3853', 'Artisan', 'Nevada', 'Las Vegas');
insert into DiaChi (Sonha, Phuong_xa, Huyen_quan, Tinh) values ('4', 'Mosinee', 'Florida', 'Boca Raton');
insert into DiaChi (Sonha, Phuong_xa, Huyen_quan, Tinh) values ('91174', 'Straubel', 'New Mexico', 'Albuquerque');
insert into DiaChi (Sonha, Phuong_xa, Huyen_quan, Tinh) values ('410', 'Nancy', 'California', 'Los Angeles');
insert into DiaChi (Sonha, Phuong_xa, Huyen_quan, Tinh) values ('17', 'Daystar', 'Utah', 'Salt Lake City');
insert into DiaChi (Sonha, Phuong_xa, Huyen_quan, Tinh) values ('726', 'Springview', 'Illinois', 'Springfield');
insert into DiaChi (Sonha, Phuong_xa, Huyen_quan, Tinh) values ('064', 'Crowley', 'Hawaii', 'Honolulu');
insert into DiaChi (Sonha, Phuong_xa, Huyen_quan, Tinh) values ('82', 'Gale', 'Pennsylvania', 'Erie');
insert into DiaChi (Sonha, Phuong_xa, Huyen_quan, Tinh) values ('35738', 'Blaine', 'Connecticut', 'Hartford');
insert into DiaChi (Sonha, Phuong_xa, Huyen_quan, Tinh) values ('62837', 'Vermont', 'Virginia', 'Arlington');
insert into DiaChi (Sonha, Phuong_xa, Huyen_quan, Tinh) values ('7336', 'Forest', 'Virginia', 'Richmond');
insert into DiaChi (Sonha, Phuong_xa, Huyen_quan, Tinh) values ('76160', 'Maryland', 'Missouri', 'Saint Louis');
insert into DiaChi (Sonha, Phuong_xa, Huyen_quan, Tinh) values ('866', 'Coolidge', 'Alabama', 'Montgomery');
insert into DiaChi (Sonha, Phuong_xa, Huyen_quan, Tinh) values ('28142', 'Judy', 'Texas', 'Houston');
insert into DiaChi (Sonha, Phuong_xa, Huyen_quan, Tinh) values ('1390', 'Roxbury', 'Florida', 'Panama City');
insert into DiaChi (Sonha, Phuong_xa, Huyen_quan, Tinh) values ('2072', 'Anderson', 'New York', 'New York City');
insert into DiaChi (Sonha, Phuong_xa, Huyen_quan, Tinh) values ('5098', 'Reinke', 'California', 'Sunnyvale');
insert into DiaChi (Sonha, Phuong_xa, Huyen_quan, Tinh) values ('810', 'Carey', 'New York', 'New York City');
insert into DiaChi (Sonha, Phuong_xa, Huyen_quan, Tinh) values ('30', 'Buell', 'Colorado', 'Denver');
insert into DiaChi (Sonha, Phuong_xa, Huyen_quan, Tinh) values ('6', 'Laurel', 'Tennessee', 'Knoxville');
insert into DiaChi (Sonha, Phuong_xa, Huyen_quan, Tinh) values ('1', 'Anhalt', 'Arizona', 'Scottsdale');
insert into DiaChi (Sonha, Phuong_xa, Huyen_quan, Tinh) values ('669', 'Westend', 'California', 'Burbank');
insert into DiaChi (Sonha, Phuong_xa, Huyen_quan, Tinh) values ('9876', 'Starling', 'California', 'San Jose');
insert into DiaChi (Sonha, Phuong_xa, Huyen_quan, Tinh) values ('1', 'Mcbride', 'Texas', 'Houston');
insert into DiaChi (Sonha, Phuong_xa, Huyen_quan, Tinh) values ('6280', 'Starling', 'Missouri', 'Springfield');
insert into DiaChi (Sonha, Phuong_xa, Huyen_quan, Tinh) values ('00719', 'Center', 'Louisiana', 'Shreveport');
insert into DiaChi (Sonha, Phuong_xa, Huyen_quan, Tinh) values ('338', 'Sherman', 'California', 'Santa Rosa');
insert into DiaChi (Sonha, Phuong_xa, Huyen_quan, Tinh) values ('782', 'Shelley', 'Colorado', 'Colorado Springs');
insert into DiaChi (Sonha, Phuong_xa, Huyen_quan, Tinh) values ('87885', 'Lyons', 'Texas', 'Garland');
insert into DiaChi (Sonha, Phuong_xa, Huyen_quan, Tinh) values ('12687', 'Armistice', 'Georgia', 'Valdosta');
insert into DiaChi (Sonha, Phuong_xa, Huyen_quan, Tinh) values ('2899', 'Vernon', 'Pennsylvania', 'Philadelphia');
insert into DiaChi (Sonha, Phuong_xa, Huyen_quan, Tinh) values ('940', 'Transport', 'Alabama', 'Gadsden');
insert into DiaChi (Sonha, Phuong_xa, Huyen_quan, Tinh) values ('85925', 'Menomonie', 'Florida', 'Miami');
insert into DiaChi (Sonha, Phuong_xa, Huyen_quan, Tinh) values ('77299', 'Manitowish', 'Colorado', 'Colorado Springs');
insert into DiaChi (Sonha, Phuong_xa, Huyen_quan, Tinh) values ('45', 'Victoria', 'Tennessee', 'Memphis');


insert into Nguoi (DiachiId, HoTenId, NgaySinh, Gtinh, Email, Sdt) values (1, 1, '1990-03-16', 0, 'jbavin0@parallels.com', '289-317-5330');
insert into Nguoi (DiachiId, HoTenId, NgaySinh, Gtinh, Email, Sdt) values (2, 2, '1987-02-21', 1, 'gpownall1@mtv.com', '253-807-8842');
insert into Nguoi (DiachiId, HoTenId, NgaySinh, Gtinh, Email, Sdt) values (3, 3, '1989-06-30', 0, 'jpasfield2@europa.eu', '935-574-2029');
insert into Nguoi (DiachiId, HoTenId, NgaySinh, Gtinh, Email, Sdt) values (4, 4, '1975-06-18', 1, 'ywitty3@usnews.com', '159-368-6359');
insert into Nguoi (DiachiId, HoTenId, NgaySinh, Gtinh, Email, Sdt) values (5, 5, '1985-11-12', 0, 'rrawsen4@bravesites.com', '746-755-2060');
insert into Nguoi (DiachiId, HoTenId, NgaySinh, Gtinh, Email, Sdt) values (6, 6, '1978-09-15', 0, 'kredparth5@tinypic.com', '929-637-6800');
insert into Nguoi (DiachiId, HoTenId, NgaySinh, Gtinh, Email, Sdt) values (7, 7, '1989-05-05', 1, 'gmillership6@t-online.de', '435-886-2509');
insert into Nguoi (DiachiId, HoTenId, NgaySinh, Gtinh, Email, Sdt) values (8, 8, '1979-05-17', 0, 'junderwood7@google.co.uk', '509-297-6726');
insert into Nguoi (DiachiId, HoTenId, NgaySinh, Gtinh, Email, Sdt) values (9, 9, '1996-01-19', 1, 'sfrancesc8@wired.com', '704-622-1609');
insert into Nguoi (DiachiId, HoTenId, NgaySinh, Gtinh, Email, Sdt) values (10, 10, '1989-10-25', 1, 'tbraxton9@sina.com.cn', '283-795-9189');
insert into Nguoi (DiachiId, HoTenId, NgaySinh, Gtinh, Email, Sdt) values (11, 11, '1975-12-06', 1, 'rwilshirea@devhub.com', '733-420-6959');
insert into Nguoi (DiachiId, HoTenId, NgaySinh, Gtinh, Email, Sdt) values (12, 12, '1978-01-04', 1, 'mmcasparanb@weibo.com', '361-674-8799');
insert into Nguoi (DiachiId, HoTenId, NgaySinh, Gtinh, Email, Sdt) values (13, 13, '1970-06-28', 0, 'dperchc@indiatimes.com', '658-961-6772');
insert into Nguoi (DiachiId, HoTenId, NgaySinh, Gtinh, Email, Sdt) values (14, 14, '1997-01-17', 0, 'eschoolfieldd@timesonline.co.uk', '345-504-0129');
insert into Nguoi (DiachiId, HoTenId, NgaySinh, Gtinh, Email, Sdt) values (15, 15, '1972-07-09', 1, 'cparkine@wp.com', '939-787-0050');
insert into Nguoi (DiachiId, HoTenId, NgaySinh, Gtinh, Email, Sdt) values (16, 16, '1979-08-07', 1, 'acowthartf@netscape.com', '477-182-0320');
insert into Nguoi (DiachiId, HoTenId, NgaySinh, Gtinh, Email, Sdt) values (17, 17, '1978-02-15', 0, 'mebbensg@dailymail.co.uk', '223-920-7664');
insert into Nguoi (DiachiId, HoTenId, NgaySinh, Gtinh, Email, Sdt) values (18, 18, '1972-05-09', 0, 'gthewlesh@networksolutions.com', '635-296-9986');
insert into Nguoi (DiachiId, HoTenId, NgaySinh, Gtinh, Email, Sdt) values (19, 19, '1970-03-24', 1, 'msedgeri@europa.eu', '247-896-2515');
insert into Nguoi (DiachiId, HoTenId, NgaySinh, Gtinh, Email, Sdt) values (20, 20, '1977-06-11', 0, 'udevuystj@imdb.com', '590-624-2699');
insert into Nguoi (DiachiId, HoTenId, NgaySinh, Gtinh, Email, Sdt) values (21, 21, '1992-10-10', 0, 'irohmerk@technorati.com', '520-652-4994');
insert into Nguoi (DiachiId, HoTenId, NgaySinh, Gtinh, Email, Sdt) values (22, 22, '1989-01-07', 0, 'nmallingl@rakuten.co.jp', '605-693-4028');
insert into Nguoi (DiachiId, HoTenId, NgaySinh, Gtinh, Email, Sdt) values (23, 23, '1978-05-22', 1, 'adearlovem@toplist.cz', '303-481-7635');
insert into Nguoi (DiachiId, HoTenId, NgaySinh, Gtinh, Email, Sdt) values (24, 24, '1997-12-12', 1, 'jstubsn@china.com.cn', '933-493-1917');
insert into Nguoi (DiachiId, HoTenId, NgaySinh, Gtinh, Email, Sdt) values (25, 25, '1985-09-07', 1, 'tswaddleo@umich.edu', '962-530-8947');
insert into Nguoi (DiachiId, HoTenId, NgaySinh, Gtinh, Email, Sdt) values (26, 26, '1979-11-15', 1, 'hboynep@cloudflare.com', '316-803-2802');
insert into Nguoi (DiachiId, HoTenId, NgaySinh, Gtinh, Email, Sdt) values (27, 27, '1992-07-23', 0, 'ffinlayq@epa.gov', '772-135-8727');
insert into Nguoi (DiachiId, HoTenId, NgaySinh, Gtinh, Email, Sdt) values (28, 28, '1984-03-28', 1, 'hboutellr@slashdot.org', '105-916-1395');
insert into Nguoi (DiachiId, HoTenId, NgaySinh, Gtinh, Email, Sdt) values (29, 29, '1998-11-02', 0, 'alinays@google.nl', '994-214-3781');
insert into Nguoi (DiachiId, HoTenId, NgaySinh, Gtinh, Email, Sdt) values (30, 30, '1999-03-27', 1, 'ctrollopet@bigcartel.com', '304-562-1372');
insert into Nguoi (DiachiId, HoTenId, NgaySinh, Gtinh, Email, Sdt) values (31, 31, '1975-06-17', 0, 'apashleru@t.co', '509-920-8222');
insert into Nguoi (DiachiId, HoTenId, NgaySinh, Gtinh, Email, Sdt) values (32, 32, '1984-05-04', 1, 'lsellsv@shareasale.com', '859-605-9101');
insert into Nguoi (DiachiId, HoTenId, NgaySinh, Gtinh, Email, Sdt) values (33, 33, '1986-12-24', 0, 'leverestw@toplist.cz', '697-955-3224');
insert into Nguoi (DiachiId, HoTenId, NgaySinh, Gtinh, Email, Sdt) values (34, 34, '1996-12-21', 0, 'jjindacekx@creativecommons.org', '251-350-5162');
insert into Nguoi (DiachiId, HoTenId, NgaySinh, Gtinh, Email, Sdt) values (35, 35, '1993-04-02', 1, 'bfoorty@mail.ru', '214-556-8088');
insert into Nguoi (DiachiId, HoTenId, NgaySinh, Gtinh, Email, Sdt) values (36, 36, '1994-10-21', 1, 'pbagenalz@ucoz.ru', '702-880-5742');
insert into Nguoi (DiachiId, HoTenId, NgaySinh, Gtinh, Email, Sdt) values (37, 37, '1994-05-13', 0, 'gposkitt10@addthis.com', '856-750-1911');
insert into Nguoi (DiachiId, HoTenId, NgaySinh, Gtinh, Email, Sdt) values (38, 38, '1983-12-24', 0, 'esheraton11@state.tx.us', '892-283-0172');
insert into Nguoi (DiachiId, HoTenId, NgaySinh, Gtinh, Email, Sdt) values (39, 39, '1998-08-27', 1, 'mallbon12@abc.net.au', '479-277-9972');
insert into Nguoi (DiachiId, HoTenId, NgaySinh, Gtinh, Email, Sdt) values (40, 40, '1975-05-15', 1, 'rpetworth13@adobe.com', '815-726-8161');
insert into Nguoi (DiachiId, HoTenId, NgaySinh, Gtinh, Email, Sdt) values (41, 41, '1994-01-14', 0, 'atomasian14@latimes.com', '107-142-2590');
insert into Nguoi (DiachiId, HoTenId, NgaySinh, Gtinh, Email, Sdt) values (42, 42, '1991-07-23', 0, 'hprisley15@washingtonpost.com', '837-232-2253');
insert into Nguoi (DiachiId, HoTenId, NgaySinh, Gtinh, Email, Sdt) values (43, 43, '1977-12-29', 1, 'fputtrell16@ucla.edu', '515-510-1828');
insert into Nguoi (DiachiId, HoTenId, NgaySinh, Gtinh, Email, Sdt) values (44, 44, '1988-10-07', 0, 'edenyagin17@squidoo.com', '948-820-7243');
insert into Nguoi (DiachiId, HoTenId, NgaySinh, Gtinh, Email, Sdt) values (45, 45, '1987-04-23', 0, 'lhornig18@cbslocal.com', '341-599-1340');
insert into Nguoi (DiachiId, HoTenId, NgaySinh, Gtinh, Email, Sdt) values (46, 46, '1979-03-10', 1, 'dfenny19@odnoklassniki.ru', '294-780-7260');
insert into Nguoi (DiachiId, HoTenId, NgaySinh, Gtinh, Email, Sdt) values (47, 47, '1994-11-21', 0, 'bgentil1a@spiegel.de', '467-484-7072');
insert into Nguoi (DiachiId, HoTenId, NgaySinh, Gtinh, Email, Sdt) values (48, 48, '1986-12-24', 0, 'cmclardie1b@infoseek.co.jp', '279-497-8364');
insert into Nguoi (DiachiId, HoTenId, NgaySinh, Gtinh, Email, Sdt) values (49, 49, '1989-05-23', 1, 'pamburgy1c@ihg.com', '724-962-6668');
insert into Nguoi (DiachiId, HoTenId, NgaySinh, Gtinh, Email, Sdt) values (50, 50, '1976-01-14', 0, 'tspur1d@reddit.com', '728-717-6637');


insert into ThanhVien (Username, Pasword, Loai, NguoiId) values ('Veronique Mattingley', 'UtIGMyO9Q', 2, 1);
insert into ThanhVien (Username, Pasword, Loai, NguoiId) values ('Bella Kightly', 'vOYV9WRYW5', 4, 2);
insert into ThanhVien (Username, Pasword, Loai, NguoiId) values ('Ariela Avrahamof', '1epW2si66L', 1, 3);
insert into ThanhVien (Username, Pasword, Loai, NguoiId) values ('Jaime Yglesia', '9WUjnKS8', 4, 4);
insert into ThanhVien (Username, Pasword, Loai, NguoiId) values ('Pedro Elland', 'GQJIfjAOW', 0, 5);
insert into ThanhVien (Username, Pasword, Loai, NguoiId) values ('Currey Pischof', 'CtnZJEOJ', 4, 6);
insert into ThanhVien (Username, Pasword, Loai, NguoiId) values ('Faythe Pitcaithly', 'EW0AzFzlS8', 3, 7);
insert into ThanhVien (Username, Pasword, Loai, NguoiId) values ('Marcella Brocking', 'F8cKFbCBYlo', 4, 8);
insert into ThanhVien (Username, Pasword, Loai, NguoiId) values ('Buiron Beardsell', 'qvHG6PCmJ', 2, 9);
insert into ThanhVien (Username, Pasword, Loai, NguoiId) values ('Garrott Kiehl', 'aYhbeG', 4, 10);
insert into ThanhVien (Username, Pasword, Loai, NguoiId) values ('Abie Cridlin', 'gbnRX7r', 0, 11);
insert into ThanhVien (Username, Pasword, Loai, NguoiId) values ('Andres Rizzetti', 'Gi1vwPUkOTaw', 2, 12);
insert into ThanhVien (Username, Pasword, Loai, NguoiId) values ('Zedekiah Tulloch', 'saTm0DXJ', 0, 13);
insert into ThanhVien (Username, Pasword, Loai, NguoiId) values ('Nerta Furze', 'SNUOoYFbMJ', 1, 14);
insert into ThanhVien (Username, Pasword, Loai, NguoiId) values ('Jone Hattersley', 'nfjdtar7lDR', 0, 15);
insert into ThanhVien (Username, Pasword, Loai, NguoiId) values ('Avrom Parnaby', 'vWAqVqdvnh', 0, 16);
insert into ThanhVien (Username, Pasword, Loai, NguoiId) values ('Truda Moye', 'dwGJIrWXGzys', 2, 17);
insert into ThanhVien (Username, Pasword, Loai, NguoiId) values ('Tersina Mains', '7nHx5yZd', 1, 18);
insert into ThanhVien (Username, Pasword, Loai, NguoiId) values ('Sanson Leney', 'rlk60f', 3, 19);
insert into ThanhVien (Username, Pasword, Loai, NguoiId) values ('Hans Grishin', '8K7YJ5PtC9O', 3, 20);
insert into ThanhVien (Username, Pasword, Loai, NguoiId) values ('Gualterio Skells', 'oOGuYSFtVrJ', 0, 21);
insert into ThanhVien (Username, Pasword, Loai, NguoiId) values ('Hammad Chimenti', 'e8udPVNRZZ', 1, 22);
insert into ThanhVien (Username, Pasword, Loai, NguoiId) values ('Merrily Chasmor', 'o0hJOUCFy9', 3, 23);
insert into ThanhVien (Username, Pasword, Loai, NguoiId) values ('Meggi Condit', 'MwzXAlsZt6DM', 4, 24);
insert into ThanhVien (Username, Pasword, Loai, NguoiId) values ('Jodee Skeene', '5RXJp1aNc', 4, 25);
insert into ThanhVien (Username, Pasword, Loai, NguoiId) values ('Lucien Towey', 'KaLzNa9wTq', 3, 26);
insert into ThanhVien (Username, Pasword, Loai, NguoiId) values ('Fonsie Swedeland', 'PUv8l6o2E5c', 3, 27);
insert into ThanhVien (Username, Pasword, Loai, NguoiId) values ('Christye Laight', 'SxqEQFj6', 1, 28);
insert into ThanhVien (Username, Pasword, Loai, NguoiId) values ('Micheal Aitkenhead', 'F0ECmO0xJba', 1, 29);
insert into ThanhVien (Username, Pasword, Loai, NguoiId) values ('Dorian Fullicks', 'TnC47Q5eUVYR', 1, 30);
insert into ThanhVien (Username, Pasword, Loai, NguoiId) values ('Faye Symons', 'N9UbFVnUc', 2, 31);
insert into ThanhVien (Username, Pasword, Loai, NguoiId) values ('Burton Aronstam', 'rsJ5naWqLah', 3, 32);
insert into ThanhVien (Username, Pasword, Loai, NguoiId) values ('Farica O''Cuddie', 'gPOkMfTMIU', 2, 33);
insert into ThanhVien (Username, Pasword, Loai, NguoiId) values ('Cyndy Rooson', 'GDS8NMB2ZK', 0, 34);
insert into ThanhVien (Username, Pasword, Loai, NguoiId) values ('Stu Andryunin', 'xcsqhch', 3, 35);
insert into ThanhVien (Username, Pasword, Loai, NguoiId) values ('Lionello Glenton', 'x25fydKCh4', 3, 36);
insert into ThanhVien (Username, Pasword, Loai, NguoiId) values ('Cassaundra Pool', 'YMD8ut1hyVA', 0, 37);
insert into ThanhVien (Username, Pasword, Loai, NguoiId) values ('Violette Antham', '1cAwne7hAwD', 2, 38);
insert into ThanhVien (Username, Pasword, Loai, NguoiId) values ('Elvira Sayes', 'DqnnMC4', 2, 39);
insert into ThanhVien (Username, Pasword, Loai, NguoiId) values ('Dorena Bottomley', 'cwo2lf3IM7r', 2, 40);
insert into ThanhVien (Username, Pasword, Loai, NguoiId) values ('Benedicta Siward', '1ZmrhZ', 1, 41);
insert into ThanhVien (Username, Pasword, Loai, NguoiId) values ('Bond Aplin', 'iazYwig', 3, 42);
insert into ThanhVien (Username, Pasword, Loai, NguoiId) values ('Sebastien Hebborne', 'QsLSUwi3cwS', 3, 43);
insert into ThanhVien (Username, Pasword, Loai, NguoiId) values ('Ellette MacGibbon', '4hnXc1Nma', 2, 44);
insert into ThanhVien (Username, Pasword, Loai, NguoiId) values ('Guthrey Duxbury', 'zXcKhLkmu', 1, 45);
insert into ThanhVien (Username, Pasword, Loai, NguoiId) values ('Edgard Burchell', 'Yt3l3Yq', 3, 46);
insert into ThanhVien (Username, Pasword, Loai, NguoiId) values ('Fey Draper', 'uewAT99', 0, 47);
insert into ThanhVien (Username, Pasword, Loai, NguoiId) values ('Sandye Van Oort', '8I14Ui', 0, 48);
insert into ThanhVien (Username, Pasword, Loai, NguoiId) values ('Lorrie Orman', 'dqf2gbtfe', 3, 49);
insert into ThanhVien (Username, Pasword, Loai, NguoiId) values ('Chelsae Simyson', 'IPQTpNzxT', 3, 50);


insert into PhongGiaoDich (Ten, DiaChiId) values ('Muller-Gerlach', 1);
insert into PhongGiaoDich (Ten, DiaChiId) values ('Schulist-Langosh', 2);
insert into PhongGiaoDich (Ten, DiaChiId) values ('Stehr LLC', 3);
insert into PhongGiaoDich (Ten, DiaChiId) values ('Keeling-Kemmer', 4);
insert into PhongGiaoDich (Ten, DiaChiId) values ('Lehner-Schuster', 5);
insert into PhongGiaoDich (Ten, DiaChiId) values ('Schultz Group', 6);
insert into PhongGiaoDich (Ten, DiaChiId) values ('Homenick-Reichel', 7);
insert into PhongGiaoDich (Ten, DiaChiId) values ('Hauck, O''Reilly and Baumbach', 8);
insert into PhongGiaoDich (Ten, DiaChiId) values ('Herman Inc', 9);
insert into PhongGiaoDich (Ten, DiaChiId) values ('Crona Group', 10);
insert into PhongGiaoDich (Ten, DiaChiId) values ('Considine Group', 11);
insert into PhongGiaoDich (Ten, DiaChiId) values ('Beahan Inc', 12);
insert into PhongGiaoDich (Ten, DiaChiId) values ('Rath-Turner', 13);
insert into PhongGiaoDich (Ten, DiaChiId) values ('Kilback, Lakin and Paucek', 14);
insert into PhongGiaoDich (Ten, DiaChiId) values ('Ritchie, Dach and Walsh', 15);
insert into PhongGiaoDich (Ten, DiaChiId) values ('Jacobson, Kihn and Littel', 16);
insert into PhongGiaoDich (Ten, DiaChiId) values ('Russel Group', 17);
insert into PhongGiaoDich (Ten, DiaChiId) values ('Rippin LLC', 18);
insert into PhongGiaoDich (Ten, DiaChiId) values ('Connelly and Sons', 19);
insert into PhongGiaoDich (Ten, DiaChiId) values ('Medhurst-Dibbert', 20);
insert into PhongGiaoDich (Ten, DiaChiId) values ('Mueller-Dach', 21);
insert into PhongGiaoDich (Ten, DiaChiId) values ('Medhurst and Sons', 22);
insert into PhongGiaoDich (Ten, DiaChiId) values ('Durgan-D''Amore', 23);
insert into PhongGiaoDich (Ten, DiaChiId) values ('Glover-Zboncak', 24);
insert into PhongGiaoDich (Ten, DiaChiId) values ('O''Connell, Swift and Grady', 25);
insert into PhongGiaoDich (Ten, DiaChiId) values ('Shields, O''Keefe and Rosenbaum', 26);
insert into PhongGiaoDich (Ten, DiaChiId) values ('Mann-Stehr', 27);
insert into PhongGiaoDich (Ten, DiaChiId) values ('Ruecker Group', 28);
insert into PhongGiaoDich (Ten, DiaChiId) values ('Mohr-Bergstrom', 29);
insert into PhongGiaoDich (Ten, DiaChiId) values ('Cartwright and Sons', 30);
insert into PhongGiaoDich (Ten, DiaChiId) values ('Fay-Mann', 31);
insert into PhongGiaoDich (Ten, DiaChiId) values ('Nader LLC', 32);
insert into PhongGiaoDich (Ten, DiaChiId) values ('Muller and Sons', 33);
insert into PhongGiaoDich (Ten, DiaChiId) values ('Ziemann Group', 34);
insert into PhongGiaoDich (Ten, DiaChiId) values ('Ledner LLC', 35);
insert into PhongGiaoDich (Ten, DiaChiId) values ('Fisher, Schulist and Collins', 36);
insert into PhongGiaoDich (Ten, DiaChiId) values ('Welch LLC', 37);
insert into PhongGiaoDich (Ten, DiaChiId) values ('Tremblay, Harber and Schuppe', 38);
insert into PhongGiaoDich (Ten, DiaChiId) values ('Abbott, O''Conner and Upton', 39);
insert into PhongGiaoDich (Ten, DiaChiId) values ('Cummings, Wehner and Shanahan', 40);
insert into PhongGiaoDich (Ten, DiaChiId) values ('Wuckert, Homenick and Collier', 41);
insert into PhongGiaoDich (Ten, DiaChiId) values ('Erdman, Champlin and Green', 42);
insert into PhongGiaoDich (Ten, DiaChiId) values ('Hyatt-Lockman', 43);
insert into PhongGiaoDich (Ten, DiaChiId) values ('Glover Inc', 44);
insert into PhongGiaoDich (Ten, DiaChiId) values ('Waters, Waelchi and Welch', 45);
insert into PhongGiaoDich (Ten, DiaChiId) values ('Ritchie LLC', 46);
insert into PhongGiaoDich (Ten, DiaChiId) values ('Kshlerin, Schroeder and Mosciski', 47);
insert into PhongGiaoDich (Ten, DiaChiId) values ('Keeling, Rau and Bechtelar', 48);
insert into PhongGiaoDich (Ten, DiaChiId) values ('Shields Inc', 49);
insert into PhongGiaoDich (Ten, DiaChiId) values ('Kihn, Rath and Lockman', 50);



insert into NhanVien (Vitri, Capbac, Diemthuong, Kinhnghiem, PhongGiaoDichId, ThanhVienId) values ('Senior Editor', 'Business Systems Development Analyst', 46, 14, 45, 1);
insert into NhanVien (Vitri, Capbac, Diemthuong, Kinhnghiem, PhongGiaoDichId, ThanhVienId) values ('VP Quality Control', 'Senior Cost Accountant', 59, 15, 25, 2);
insert into NhanVien (Vitri, Capbac, Diemthuong, Kinhnghiem, PhongGiaoDichId, ThanhVienId) values ('Accountant I', 'Associate Professor', 1, 9, 41, 3);
insert into NhanVien (Vitri, Capbac, Diemthuong, Kinhnghiem, PhongGiaoDichId, ThanhVienId) values ('Administrative Assistant III', 'Accountant I', 12, 4, 16, 4);
insert into NhanVien (Vitri, Capbac, Diemthuong, Kinhnghiem, PhongGiaoDichId, ThanhVienId) values ('Associate Professor', 'Web Developer II', 25, 4, 40, 5);
insert into NhanVien (Vitri, Capbac, Diemthuong, Kinhnghiem, PhongGiaoDichId, ThanhVienId) values ('Web Designer IV', 'Registered Nurse', 53, 4, 42, 6);
insert into NhanVien (Vitri, Capbac, Diemthuong, Kinhnghiem, PhongGiaoDichId, ThanhVienId) values ('GIS Technical Architect', 'GIS Technical Architect', 84, 3, 39, 7);
insert into NhanVien (Vitri, Capbac, Diemthuong, Kinhnghiem, PhongGiaoDichId, ThanhVienId) values ('Software Test Engineer III', 'Mechanical Systems Engineer', 46, 12, 38, 8);
insert into NhanVien (Vitri, Capbac, Diemthuong, Kinhnghiem, PhongGiaoDichId, ThanhVienId) values ('Graphic Designer', 'Senior Cost Accountant', 37, 10, 16, 9);
insert into NhanVien (Vitri, Capbac, Diemthuong, Kinhnghiem, PhongGiaoDichId, ThanhVienId) values ('Actuary', 'Help Desk Operator', 53, 12, 16, 10);
insert into NhanVien (Vitri, Capbac, Diemthuong, Kinhnghiem, PhongGiaoDichId, ThanhVienId) values ('Environmental Specialist', 'Quality Engineer', 70, 15, 4, 11);
insert into NhanVien (Vitri, Capbac, Diemthuong, Kinhnghiem, PhongGiaoDichId, ThanhVienId) values ('Account Coordinator', 'Geological Engineer', 44, 7, 15, 12);
insert into NhanVien (Vitri, Capbac, Diemthuong, Kinhnghiem, PhongGiaoDichId, ThanhVienId) values ('Occupational Therapist', 'Actuary', 0, 13, 23, 13);
insert into NhanVien (Vitri, Capbac, Diemthuong, Kinhnghiem, PhongGiaoDichId, ThanhVienId) values ('Analyst Programmer', 'Chemical Engineer', 51, 6, 15, 14);
insert into NhanVien (Vitri, Capbac, Diemthuong, Kinhnghiem, PhongGiaoDichId, ThanhVienId) values ('Recruiting Manager', 'Software Test Engineer III', 35, 6, 1, 15);
insert into NhanVien (Vitri, Capbac, Diemthuong, Kinhnghiem, PhongGiaoDichId, ThanhVienId) values ('Structural Analysis Engineer', 'Research Nurse', 93, 5, 12, 16);
insert into NhanVien (Vitri, Capbac, Diemthuong, Kinhnghiem, PhongGiaoDichId, ThanhVienId) values ('Legal Assistant', 'Health Coach II', 86, 11, 41, 17);
insert into NhanVien (Vitri, Capbac, Diemthuong, Kinhnghiem, PhongGiaoDichId, ThanhVienId) values ('Assistant Media Planner', 'Civil Engineer', 29, 2, 49, 18);
insert into NhanVien (Vitri, Capbac, Diemthuong, Kinhnghiem, PhongGiaoDichId, ThanhVienId) values ('Nuclear Power Engineer', 'Developer II', 97, 8, 14, 19);
insert into NhanVien (Vitri, Capbac, Diemthuong, Kinhnghiem, PhongGiaoDichId, ThanhVienId) values ('Professor', 'Dental Hygienist', 63, 16, 50, 20);
insert into NhanVien (Vitri, Capbac, Diemthuong, Kinhnghiem, PhongGiaoDichId, ThanhVienId) values ('Account Executive', 'Accounting Assistant II', 55, 7, 49, 21);
insert into NhanVien (Vitri, Capbac, Diemthuong, Kinhnghiem, PhongGiaoDichId, ThanhVienId) values ('Research Nurse', 'Geological Engineer', 8, 10, 9, 22);
insert into NhanVien (Vitri, Capbac, Diemthuong, Kinhnghiem, PhongGiaoDichId, ThanhVienId) values ('VP Sales', 'VP Marketing', 30, 12, 47, 23);
insert into NhanVien (Vitri, Capbac, Diemthuong, Kinhnghiem, PhongGiaoDichId, ThanhVienId) values ('Pharmacist', 'Actuary', 83, 2, 31, 24);
insert into NhanVien (Vitri, Capbac, Diemthuong, Kinhnghiem, PhongGiaoDichId, ThanhVienId) values ('Associate Professor', 'Senior Cost Accountant', 20, 11, 28, 25);
insert into NhanVien (Vitri, Capbac, Diemthuong, Kinhnghiem, PhongGiaoDichId, ThanhVienId) values ('Quality Control Specialist', 'Statistician I', 84, 16, 11, 26);
insert into NhanVien (Vitri, Capbac, Diemthuong, Kinhnghiem, PhongGiaoDichId, ThanhVienId) values ('Chief Design Engineer', 'Administrative Assistant IV', 64, 20, 8, 27);
insert into NhanVien (Vitri, Capbac, Diemthuong, Kinhnghiem, PhongGiaoDichId, ThanhVienId) values ('Database Administrator IV', 'Pharmacist', 25, 20, 50, 28);
insert into NhanVien (Vitri, Capbac, Diemthuong, Kinhnghiem, PhongGiaoDichId, ThanhVienId) values ('Software Consultant', 'Quality Control Specialist', 77, 2, 33, 29);
insert into NhanVien (Vitri, Capbac, Diemthuong, Kinhnghiem, PhongGiaoDichId, ThanhVienId) values ('VP Marketing', 'VP Sales', 60, 3, 14, 30);
insert into NhanVien (Vitri, Capbac, Diemthuong, Kinhnghiem, PhongGiaoDichId, ThanhVienId) values ('Engineer IV', 'Structural Analysis Engineer', 81, 6, 47, 31);
insert into NhanVien (Vitri, Capbac, Diemthuong, Kinhnghiem, PhongGiaoDichId, ThanhVienId) values ('Database Administrator III', 'Structural Analysis Engineer', 74, 7, 3, 32);
insert into NhanVien (Vitri, Capbac, Diemthuong, Kinhnghiem, PhongGiaoDichId, ThanhVienId) values ('VP Sales', 'Senior Sales Associate', 16, 8, 8, 33);
insert into NhanVien (Vitri, Capbac, Diemthuong, Kinhnghiem, PhongGiaoDichId, ThanhVienId) values ('Administrative Officer', 'Quality Engineer', 4, 2, 6, 34);
insert into NhanVien (Vitri, Capbac, Diemthuong, Kinhnghiem, PhongGiaoDichId, ThanhVienId) values ('Software Consultant', 'VP Sales', 13, 13, 48, 35);
insert into NhanVien (Vitri, Capbac, Diemthuong, Kinhnghiem, PhongGiaoDichId, ThanhVienId) values ('Environmental Specialist', 'Business Systems Development Analyst', 8, 4, 6, 36);
insert into NhanVien (Vitri, Capbac, Diemthuong, Kinhnghiem, PhongGiaoDichId, ThanhVienId) values ('General Manager', 'Graphic Designer', 77, 20, 25, 37);
insert into NhanVien (Vitri, Capbac, Diemthuong, Kinhnghiem, PhongGiaoDichId, ThanhVienId) values ('Clinical Specialist', 'Editor', 15, 3, 20, 38);
insert into NhanVien (Vitri, Capbac, Diemthuong, Kinhnghiem, PhongGiaoDichId, ThanhVienId) values ('Design Engineer', 'Sales Representative', 57, 4, 10, 39);
insert into NhanVien (Vitri, Capbac, Diemthuong, Kinhnghiem, PhongGiaoDichId, ThanhVienId) values ('Account Representative I', 'Web Designer I', 67, 13, 31, 40);
insert into NhanVien (Vitri, Capbac, Diemthuong, Kinhnghiem, PhongGiaoDichId, ThanhVienId) values ('Social Worker', 'Legal Assistant', 17, 7, 12, 41);
insert into NhanVien (Vitri, Capbac, Diemthuong, Kinhnghiem, PhongGiaoDichId, ThanhVienId) values ('Financial Analyst', 'Statistician I', 34, 18, 43, 42);
insert into NhanVien (Vitri, Capbac, Diemthuong, Kinhnghiem, PhongGiaoDichId, ThanhVienId) values ('Help Desk Technician', 'Marketing Manager', 91, 15, 20, 43);
insert into NhanVien (Vitri, Capbac, Diemthuong, Kinhnghiem, PhongGiaoDichId, ThanhVienId) values ('Programmer IV', 'Senior Financial Analyst', 95, 3, 50, 44);
insert into NhanVien (Vitri, Capbac, Diemthuong, Kinhnghiem, PhongGiaoDichId, ThanhVienId) values ('Software Engineer IV', 'Compensation Analyst', 28, 7, 12, 45);
insert into NhanVien (Vitri, Capbac, Diemthuong, Kinhnghiem, PhongGiaoDichId, ThanhVienId) values ('Staff Scientist', 'Actuary', 39, 6, 11, 46);
insert into NhanVien (Vitri, Capbac, Diemthuong, Kinhnghiem, PhongGiaoDichId, ThanhVienId) values ('Senior Sales Associate', 'VP Quality Control', 2, 16, 1, 47);
insert into NhanVien (Vitri, Capbac, Diemthuong, Kinhnghiem, PhongGiaoDichId, ThanhVienId) values ('Electrical Engineer', 'Automation Specialist I', 38, 12, 12, 48);
insert into NhanVien (Vitri, Capbac, Diemthuong, Kinhnghiem, PhongGiaoDichId, ThanhVienId) values ('Legal Assistant', 'Payment Adjustment Coordinator', 96, 19, 9, 49);
insert into NhanVien (Vitri, Capbac, Diemthuong, Kinhnghiem, PhongGiaoDichId, ThanhVienId) values ('Tax Accountant', 'VP Sales', 53, 2, 31, 50);


insert into TheTD (KhachHangId, Sothe, Hanmuc, Ngayhethan) values (1, '4374929916', 25134, '2020-02-22');
insert into TheTD (KhachHangId, Sothe, Hanmuc, Ngayhethan) values (2, '7926377937', 17775, '2020-03-14');
insert into TheTD (KhachHangId, Sothe, Hanmuc, Ngayhethan) values (3, '6408787894', 9217, '2020-03-27');
insert into TheTD (KhachHangId, Sothe, Hanmuc, Ngayhethan) values (4, '4930840031', 48847, '2020-03-28');
insert into TheTD (KhachHangId, Sothe, Hanmuc, Ngayhethan) values (5, '8808403874', 2103, '2020-03-10');
insert into TheTD (KhachHangId, Sothe, Hanmuc, Ngayhethan) values (6, '8826225699', 3637, '2020-03-13');
insert into TheTD (KhachHangId, Sothe, Hanmuc, Ngayhethan) values (7, '3697934937', 637, '2020-02-18');
insert into TheTD (KhachHangId, Sothe, Hanmuc, Ngayhethan) values (8, '1191792811', 11499, '2020-03-20');
insert into TheTD (KhachHangId, Sothe, Hanmuc, Ngayhethan) values (9, '2059545056', 16795, '2020-03-13');
insert into TheTD (KhachHangId, Sothe, Hanmuc, Ngayhethan) values (10, '9575307844', 12776, '2020-03-27');
insert into TheTD (KhachHangId, Sothe, Hanmuc, Ngayhethan) values (11, '3618852479', 46580, '2020-04-02');
insert into TheTD (KhachHangId, Sothe, Hanmuc, Ngayhethan) values (12, '5040584687', 17909, '2020-02-15');
insert into TheTD (KhachHangId, Sothe, Hanmuc, Ngayhethan) values (13, '8212914941', 1130, '2020-03-10');
insert into TheTD (KhachHangId, Sothe, Hanmuc, Ngayhethan) values (14, '4482482188', 15259, '2020-03-24');
insert into TheTD (KhachHangId, Sothe, Hanmuc, Ngayhethan) values (15, '1790984114', 34219, '2020-02-21');
insert into TheTD (KhachHangId, Sothe, Hanmuc, Ngayhethan) values (16, '0107007991', 21009, '2020-03-05');
insert into TheTD (KhachHangId, Sothe, Hanmuc, Ngayhethan) values (17, '6613758892', 7228, '2020-02-19');
insert into TheTD (KhachHangId, Sothe, Hanmuc, Ngayhethan) values (18, '5783496448', 13021, '2020-03-15');
insert into TheTD (KhachHangId, Sothe, Hanmuc, Ngayhethan) values (19, '7487270122', 38423, '2020-03-09');
insert into TheTD (KhachHangId, Sothe, Hanmuc, Ngayhethan) values (20, '6876129691', 40711, '2020-03-02');
insert into TheTD (KhachHangId, Sothe, Hanmuc, Ngayhethan) values (21, '4183374537', 43894, '2020-03-31');
insert into TheTD (KhachHangId, Sothe, Hanmuc, Ngayhethan) values (22, '6641209113', 32985, '2020-04-07');
insert into TheTD (KhachHangId, Sothe, Hanmuc, Ngayhethan) values (23, '6770171848', 34070, '2020-02-14');
insert into TheTD (KhachHangId, Sothe, Hanmuc, Ngayhethan) values (24, '7953115069', 32586, '2020-02-18');
insert into TheTD (KhachHangId, Sothe, Hanmuc, Ngayhethan) values (25, '2289396567', 38306, '2020-02-13');
insert into TheTD (KhachHangId, Sothe, Hanmuc, Ngayhethan) values (26, '7528901466', 2938, '2020-02-24');
insert into TheTD (KhachHangId, Sothe, Hanmuc, Ngayhethan) values (27, '3876558077', 45964, '2020-03-22');
insert into TheTD (KhachHangId, Sothe, Hanmuc, Ngayhethan) values (28, '2967052841', 46030, '2020-02-09');
insert into TheTD (KhachHangId, Sothe, Hanmuc, Ngayhethan) values (29, '5582621997', 44450, '2020-04-01');
insert into TheTD (KhachHangId, Sothe, Hanmuc, Ngayhethan) values (30, '5627708859', 31146, '2020-03-14');
insert into TheTD (KhachHangId, Sothe, Hanmuc, Ngayhethan) values (31, '1522414495', 503, '2020-03-22');
insert into TheTD (KhachHangId, Sothe, Hanmuc, Ngayhethan) values (32, '7843899448', 24297, '2020-04-04');
insert into TheTD (KhachHangId, Sothe, Hanmuc, Ngayhethan) values (33, '6028401331', 44183, '2020-02-12');
insert into TheTD (KhachHangId, Sothe, Hanmuc, Ngayhethan) values (34, '9988048564', 40281, '2020-03-14');
insert into TheTD (KhachHangId, Sothe, Hanmuc, Ngayhethan) values (35, '5319283156', 22674, '2020-03-30');
insert into TheTD (KhachHangId, Sothe, Hanmuc, Ngayhethan) values (36, '7618581029', 5922, '2020-03-15');
insert into TheTD (KhachHangId, Sothe, Hanmuc, Ngayhethan) values (37, '4804188649', 26172, '2020-03-26');
insert into TheTD (KhachHangId, Sothe, Hanmuc, Ngayhethan) values (38, '1301076341', 2413, '2020-03-16');
insert into TheTD (KhachHangId, Sothe, Hanmuc, Ngayhethan) values (39, '5568332010', 43946, '2020-04-01');
insert into TheTD (KhachHangId, Sothe, Hanmuc, Ngayhethan) values (40, '2719089907', 45936, '2020-03-24');
insert into TheTD (KhachHangId, Sothe, Hanmuc, Ngayhethan) values (41, '3681633029', 42036, '2020-03-11');
insert into TheTD (KhachHangId, Sothe, Hanmuc, Ngayhethan) values (42, '4101129835', 4443, '2020-03-10');
insert into TheTD (KhachHangId, Sothe, Hanmuc, Ngayhethan) values (43, '7448227505', 823, '2020-02-10');
insert into TheTD (KhachHangId, Sothe, Hanmuc, Ngayhethan) values (44, '9308722610', 7208, '2020-03-15');
insert into TheTD (KhachHangId, Sothe, Hanmuc, Ngayhethan) values (45, '4202574303', 21993, '2020-03-16');
insert into TheTD (KhachHangId, Sothe, Hanmuc, Ngayhethan) values (46, '2389074227', 23035, '2020-02-22');
insert into TheTD (KhachHangId, Sothe, Hanmuc, Ngayhethan) values (47, '7546999324', 23435, '2020-03-19');
insert into TheTD (KhachHangId, Sothe, Hanmuc, Ngayhethan) values (48, '4465362609', 10657, '2020-03-31');
insert into TheTD (KhachHangId, Sothe, Hanmuc, Ngayhethan) values (49, '6453920530', 21127, '2020-03-21');
insert into TheTD (KhachHangId, Sothe, Hanmuc, Ngayhethan) values (50, '6638202804', 24836, '2020-03-04');


insert into SanPham (Ten, Nsx, Npp, Gia) values ('Books', '2020-01-30', 'Dooley-Reinger', 9964);
insert into SanPham (Ten, Nsx, Npp, Gia) values ('Clothing', '2019-10-15', 'Kiehn, Mertz and Oberbrunner', 4684);
insert into SanPham (Ten, Nsx, Npp, Gia) values ('Industrial', '2020-02-13', 'Leannon and Sons', 46547);
insert into SanPham (Ten, Nsx, Npp, Gia) values ('Music', '2020-04-22', 'Block Group', 46812);
insert into SanPham (Ten, Nsx, Npp, Gia) values ('Outdoors', '2019-12-28', 'Gusikowski-Frami', 23275);
insert into SanPham (Ten, Nsx, Npp, Gia) values ('Clothing', '2019-08-18', 'Schulist, Rohan and Kessler', 31881);
insert into SanPham (Ten, Nsx, Npp, Gia) values ('Beauty', '2020-01-04', 'Ward and Sons', 27868);
insert into SanPham (Ten, Nsx, Npp, Gia) values ('Toys', '2020-01-07', 'Miller Inc', 20518);
insert into SanPham (Ten, Nsx, Npp, Gia) values ('Games', '2020-02-07', 'Legros-Wyman', 21681);
insert into SanPham (Ten, Nsx, Npp, Gia) values ('Sports', '2019-08-25', 'Romaguera-Mraz', 43691);
insert into SanPham (Ten, Nsx, Npp, Gia) values ('Sports', '2020-02-23', 'Zieme, Marquardt and Greenholt', 23766);
insert into SanPham (Ten, Nsx, Npp, Gia) values ('Garden', '2019-08-21', 'Roob, Konopelski and Goldner', 49566);
insert into SanPham (Ten, Nsx, Npp, Gia) values ('Jewelery', '2019-07-04', 'Will-Barton', 5005);
insert into SanPham (Ten, Nsx, Npp, Gia) values ('Grocery', '2020-01-17', 'Brakus-Schmitt', 23826);
insert into SanPham (Ten, Nsx, Npp, Gia) values ('Clothing', '2020-05-06', 'Schmitt, Jakubowski and Nienow', 6388);
insert into SanPham (Ten, Nsx, Npp, Gia) values ('Shoes', '2019-07-11', 'Rogahn-Goyette', 37295);
insert into SanPham (Ten, Nsx, Npp, Gia) values ('Clothing', '2019-11-13', 'Buckridge, Dare and Hills', 49000);
insert into SanPham (Ten, Nsx, Npp, Gia) values ('Automotive', '2019-10-01', 'Green, Streich and Torphy', 46353);
insert into SanPham (Ten, Nsx, Npp, Gia) values ('Music', '2019-06-18', 'Trantow-Cole', 5736);
insert into SanPham (Ten, Nsx, Npp, Gia) values ('Movies', '2019-06-13', 'Leuschke Inc', 20618);
insert into SanPham (Ten, Nsx, Npp, Gia) values ('Automotive', '2019-08-04', 'Kuhn, Sporer and Fadel', 48913);
insert into SanPham (Ten, Nsx, Npp, Gia) values ('Computers', '2019-07-05', 'Reynolds Group', 42325);
insert into SanPham (Ten, Nsx, Npp, Gia) values ('Electronics', '2020-04-07', 'Macejkovic and Sons', 46053);
insert into SanPham (Ten, Nsx, Npp, Gia) values ('Clothing', '2020-01-25', 'Hammes, Boyer and Greenfelder', 34707);
insert into SanPham (Ten, Nsx, Npp, Gia) values ('Beauty', '2019-09-24', 'Nikolaus, Bins and Bins', 20577);
insert into SanPham (Ten, Nsx, Npp, Gia) values ('Electronics', '2020-02-20', 'Hickle Inc', 7994);
insert into SanPham (Ten, Nsx, Npp, Gia) values ('Music', '2019-07-31', 'Kozey, Beatty and Hilll', 18958);
insert into SanPham (Ten, Nsx, Npp, Gia) values ('Automotive', '2019-06-10', 'Monahan, Reinger and Veum', 23301);
insert into SanPham (Ten, Nsx, Npp, Gia) values ('Automotive', '2019-05-26', 'Cole-Hilll', 41863);
insert into SanPham (Ten, Nsx, Npp, Gia) values ('Shoes', '2019-06-16', 'Lesch Inc', 31933);
insert into SanPham (Ten, Nsx, Npp, Gia) values ('Jewelery', '2019-07-19', 'O''Hara, Prosacco and Mraz', 18074);
insert into SanPham (Ten, Nsx, Npp, Gia) values ('Toys', '2019-07-06', 'McLaughlin LLC', 45025);
insert into SanPham (Ten, Nsx, Npp, Gia) values ('Jewelery', '2019-09-12', 'Thompson, Baumbach and Smith', 28864);
insert into SanPham (Ten, Nsx, Npp, Gia) values ('Books', '2019-07-16', 'Hoeger, Hessel and Runolfsson', 32090);
insert into SanPham (Ten, Nsx, Npp, Gia) values ('Computers', '2020-04-12', 'Friesen, Legros and Wisozk', 1690);
insert into SanPham (Ten, Nsx, Npp, Gia) values ('Clothing', '2019-12-09', 'Monahan Inc', 47294);
insert into SanPham (Ten, Nsx, Npp, Gia) values ('Jewelery', '2019-11-20', 'Beier and Sons', 46536);
insert into SanPham (Ten, Nsx, Npp, Gia) values ('Movies', '2020-04-13', 'Hilll Inc', 28654);
insert into SanPham (Ten, Nsx, Npp, Gia) values ('Tools', '2020-02-03', 'Bergnaum LLC', 22296);
insert into SanPham (Ten, Nsx, Npp, Gia) values ('Outdoors', '2020-04-12', 'McCullough and Sons', 41817);
insert into SanPham (Ten, Nsx, Npp, Gia) values ('Toys', '2019-11-13', 'Kling, Abbott and Hahn', 27743);
insert into SanPham (Ten, Nsx, Npp, Gia) values ('Toys', '2019-08-24', 'Huel, Stark and Smitham', 609);
insert into SanPham (Ten, Nsx, Npp, Gia) values ('Garden', '2019-10-25', 'Stamm LLC', 4380);
insert into SanPham (Ten, Nsx, Npp, Gia) values ('Kids', '2019-05-19', 'Zemlak and Sons', 12950);
insert into SanPham (Ten, Nsx, Npp, Gia) values ('Movies', '2020-03-17', 'Little and Sons', 44402);
insert into SanPham (Ten, Nsx, Npp, Gia) values ('Sports', '2020-05-13', 'Larkin LLC', 21266);
insert into SanPham (Ten, Nsx, Npp, Gia) values ('Movies', '2019-10-08', 'Heidenreich, Murphy and Cummings', 25557);
insert into SanPham (Ten, Nsx, Npp, Gia) values ('Industrial', '2020-05-04', 'Will-Stokes', 6231);
insert into SanPham (Ten, Nsx, Npp, Gia) values ('Music', '2020-04-13', 'Weissnat-Adams', 21078);
insert into SanPham (Ten, Nsx, Npp, Gia) values ('Industrial', '2020-05-05', 'Simonis, Koch and Towne', 9864);


insert into KhachHang (Username, Pasword, Diem, PhongGiaoDichId, ThanhVienID) values ('vpedler0', 'xKRAYplQVv', 837072, 1, 1);
insert into KhachHang (Username, Pasword, Diem, PhongGiaoDichId, ThanhVienID) values ('ldreng1', '3nDrtI26', 113815, 2, 2);
insert into KhachHang (Username, Pasword, Diem, PhongGiaoDichId, ThanhVienID) values ('pwolvey2', 'jKHbrrmsvOW', 429918, 3, 3);
insert into KhachHang (Username, Pasword, Diem, PhongGiaoDichId, ThanhVienID) values ('khaston3', 'GHMJC6TFo', 446094, 4, 4);
insert into KhachHang (Username, Pasword, Diem, PhongGiaoDichId, ThanhVienID) values ('whaspineall4', '0cQrnUOq', 871743, 5, 5);
insert into KhachHang (Username, Pasword, Diem, PhongGiaoDichId, ThanhVienID) values ('scarding5', '4SIYenKuySp', 963030, 6, 6);
insert into KhachHang (Username, Pasword, Diem, PhongGiaoDichId, ThanhVienID) values ('aoneal6', 'omR6oKhU', 806047, 7, 7);
insert into KhachHang (Username, Pasword, Diem, PhongGiaoDichId, ThanhVienID) values ('elimprecht7', 'topdgyr', 915156, 8, 8);
insert into KhachHang (Username, Pasword, Diem, PhongGiaoDichId, ThanhVienID) values ('ttosney8', 'jgidJQlYtZ8a', 125833, 9, 9);
insert into KhachHang (Username, Pasword, Diem, PhongGiaoDichId, ThanhVienID) values ('otarren9', 'InKygOvQ571', 880749, 10, 10);
insert into KhachHang (Username, Pasword, Diem, PhongGiaoDichId, ThanhVienID) values ('aonelea', 'JFHUzFp3BSk', 299560, 11, 11);
insert into KhachHang (Username, Pasword, Diem, PhongGiaoDichId, ThanhVienID) values ('asleightholmeb', 'PngXo367T1', 642416, 12, 12);
insert into KhachHang (Username, Pasword, Diem, PhongGiaoDichId, ThanhVienID) values ('cwabeyc', 'eSZfDDmU', 760126, 13, 13);
insert into KhachHang (Username, Pasword, Diem, PhongGiaoDichId, ThanhVienID) values ('jbreamd', 'YXcZYlB3sPU', 484236, 14, 14);
insert into KhachHang (Username, Pasword, Diem, PhongGiaoDichId, ThanhVienID) values ('sfishbye', 'atnkvIidj2v', 534274, 15, 15);
insert into KhachHang (Username, Pasword, Diem, PhongGiaoDichId, ThanhVienID) values ('nscopynf', 'ZrwTTXw', 466393, 16, 16);
insert into KhachHang (Username, Pasword, Diem, PhongGiaoDichId, ThanhVienID) values ('jgilliseg', 'EKWn2WsAe', 677408, 17, 17);
insert into KhachHang (Username, Pasword, Diem, PhongGiaoDichId, ThanhVienID) values ('msonleyh', 'SEICpSg', 908393, 18, 18);
insert into KhachHang (Username, Pasword, Diem, PhongGiaoDichId, ThanhVienID) values ('bvernii', '2VYtYJa', 799900, 19, 19);
insert into KhachHang (Username, Pasword, Diem, PhongGiaoDichId, ThanhVienID) values ('scowpertwaitj', 'HeQh95kC2wso', 339699, 20, 20);
insert into KhachHang (Username, Pasword, Diem, PhongGiaoDichId, ThanhVienID) values ('frubinekk', 'unyH6Iek', 896582, 21, 21);
insert into KhachHang (Username, Pasword, Diem, PhongGiaoDichId, ThanhVienID) values ('clacrocel', 'FKjBW0pXt', 512764, 22, 22);
insert into KhachHang (Username, Pasword, Diem, PhongGiaoDichId, ThanhVienID) values ('ceuelsm', 'RC3B27', 561800, 23, 23);
insert into KhachHang (Username, Pasword, Diem, PhongGiaoDichId, ThanhVienID) values ('jstanexn', 'h0vV1MIy', 439101, 24, 24);
insert into KhachHang (Username, Pasword, Diem, PhongGiaoDichId, ThanhVienID) values ('bbrolechano', 'duIkKrBi', 944383, 25, 25);
insert into KhachHang (Username, Pasword, Diem, PhongGiaoDichId, ThanhVienID) values ('erawsthornep', 'jH3OZ3VOH', 976295, 26, 26);
insert into KhachHang (Username, Pasword, Diem, PhongGiaoDichId, ThanhVienID) values ('sblakemoreq', 'DWMTCrzI', 603862, 27, 27);
insert into KhachHang (Username, Pasword, Diem, PhongGiaoDichId, ThanhVienID) values ('whendrichr', 'Mwkx8x', 143633, 28, 28);
insert into KhachHang (Username, Pasword, Diem, PhongGiaoDichId, ThanhVienID) values ('ddoorbars', '7g7yESuoVU', 848653, 29, 29);
insert into KhachHang (Username, Pasword, Diem, PhongGiaoDichId, ThanhVienID) values ('sdomengett', 't0C6RZ', 36466, 30, 30);
insert into KhachHang (Username, Pasword, Diem, PhongGiaoDichId, ThanhVienID) values ('tiveaghu', 'l2e8TCPHrf', 71813, 31, 31);
insert into KhachHang (Username, Pasword, Diem, PhongGiaoDichId, ThanhVienID) values ('ccullaghv', 'HnSg51ssoGEP', 369414, 32, 32);
insert into KhachHang (Username, Pasword, Diem, PhongGiaoDichId, ThanhVienID) values ('ctiesw', 'F5J1sNno4', 416661, 33, 33);
insert into KhachHang (Username, Pasword, Diem, PhongGiaoDichId, ThanhVienID) values ('sbozworthx', 'rRDJM5K7', 804668, 34, 34);
insert into KhachHang (Username, Pasword, Diem, PhongGiaoDichId, ThanhVienID) values ('bjantony', 'TxZZK8ELEW', 582641, 35, 35);
insert into KhachHang (Username, Pasword, Diem, PhongGiaoDichId, ThanhVienID) values ('semmisonz', 'b4Oc1U', 702014, 36, 36);
insert into KhachHang (Username, Pasword, Diem, PhongGiaoDichId, ThanhVienID) values ('hwoollhead10', 'LxSYNCK0jp', 17079, 37, 37);
insert into KhachHang (Username, Pasword, Diem, PhongGiaoDichId, ThanhVienID) values ('ncleynman11', 'FFoYHVSQWIVe', 841827, 38, 38);
insert into KhachHang (Username, Pasword, Diem, PhongGiaoDichId, ThanhVienID) values ('rmcquilkin12', 'Hy7Col1A', 442562, 39, 39);
insert into KhachHang (Username, Pasword, Diem, PhongGiaoDichId, ThanhVienID) values ('emilch13', 'AfewhNj7dPWP', 274662, 40, 40);
insert into KhachHang (Username, Pasword, Diem, PhongGiaoDichId, ThanhVienID) values ('tcomer14', '9JHV1DB', 497933, 41, 41);
insert into KhachHang (Username, Pasword, Diem, PhongGiaoDichId, ThanhVienID) values ('dbruyntjes15', 'ZBup1K', 288795, 42, 42);
insert into KhachHang (Username, Pasword, Diem, PhongGiaoDichId, ThanhVienID) values ('jeastam16', '5Bq8uKO', 368131, 43, 43);
insert into KhachHang (Username, Pasword, Diem, PhongGiaoDichId, ThanhVienID) values ('lshemilt17', 'wwm04x', 733162, 44, 44);
insert into KhachHang (Username, Pasword, Diem, PhongGiaoDichId, ThanhVienID) values ('ekinningley18', 'YCSJEP1rrCi3', 690412, 45, 45);
insert into KhachHang (Username, Pasword, Diem, PhongGiaoDichId, ThanhVienID) values ('mlinscott19', '5dY04s', 271357, 46, 46);
insert into KhachHang (Username, Pasword, Diem, PhongGiaoDichId, ThanhVienID) values ('jmcdyer1a', 'rTht3D', 755545, 47, 47);
insert into KhachHang (Username, Pasword, Diem, PhongGiaoDichId, ThanhVienID) values ('bvuitton1b', 'xZGOqvxRlo', 387030, 48, 48);
insert into KhachHang (Username, Pasword, Diem, PhongGiaoDichId, ThanhVienID) values ('dtibbetts1c', 'uOgh67006kh', 28842, 49, 49);
insert into KhachHang (Username, Pasword, Diem, PhongGiaoDichId, ThanhVienID) values ('sstambridge1d', 'vaO4KEqdr', 911811, 50, 50);


insert into HopDongTraGop (NhanVienID, Ngay, Noidung, SanPhamId, KhachHangId, PhongGiaoDichId) values (1, '2019-09-21', 'Nulla mollis molestie lorem. Quisque ut erat. Curabitur gravida nisi at nibh. In hac habitasse platea dictumst. Aliquam augue quam, sollicitudin vitae, consectetuer eget, rutrum at, lorem. Integer tincidunt ante vel ipsum. Praesent blandit lacinia erat. Vestibulum sed magna at nunc commodo placerat. Praesent blandit. Nam nulla.', 1, 1, 1);
insert into HopDongTraGop (NhanVienID, Ngay, Noidung, SanPhamId, KhachHangId, PhongGiaoDichId) values (2, '2020-04-16', 'Maecenas tincidunt lacus at velit. Vivamus vel nulla eget eros elementum pellentesque. Quisque porta volutpat erat. Quisque erat eros, viverra eget, congue eget, semper rutrum, nulla. Nunc purus. Phasellus in felis. Donec semper sapien a libero.', 2, 2, 2);
insert into HopDongTraGop (NhanVienID, Ngay, Noidung, SanPhamId, KhachHangId, PhongGiaoDichId) values (3, '2019-07-14', 'Aenean fermentum. Donec ut mauris eget massa tempor convallis. Nulla neque libero, convallis eget, eleifend luctus, ultricies eu, nibh.', 3, 3, 3);
insert into HopDongTraGop (NhanVienID, Ngay, Noidung, SanPhamId, KhachHangId, PhongGiaoDichId) values (4, '2020-01-17', 'Curabitur gravida nisi at nibh. In hac habitasse platea dictumst.', 4, 4, 4);
insert into HopDongTraGop (NhanVienID, Ngay, Noidung, SanPhamId, KhachHangId, PhongGiaoDichId) values (5, '2020-03-25', 'Nulla justo. Aliquam quis turpis eget elit sodales scelerisque.', 5, 5, 5);
insert into HopDongTraGop (NhanVienID, Ngay, Noidung, SanPhamId, KhachHangId, PhongGiaoDichId) values (6, '2019-07-07', 'Ut tellus.', 6, 6, 6);
insert into HopDongTraGop (NhanVienID, Ngay, Noidung, SanPhamId, KhachHangId, PhongGiaoDichId) values (7, '2020-01-21', 'Mauris lacinia sapien quis libero. Nullam sit amet turpis elementum ligula vehicula consequat.', 7, 7, 7);
insert into HopDongTraGop (NhanVienID, Ngay, Noidung, SanPhamId, KhachHangId, PhongGiaoDichId) values (8, '2020-02-24', 'Integer non velit. Donec diam neque, vestibulum eget, vulputate ut, ultrices vel, augue. Vestibulum ante ipsum primis in faucibus orci luctus et ultrices posuere cubilia Curae; Donec pharetra, magna vestibulum aliquet ultrices, erat tortor sollicitudin mi, sit amet lobortis sapien sapien non mi. Integer ac neque. Duis bibendum. Morbi non quam nec dui luctus rutrum. Nulla tellus. In sagittis dui vel nisl. Duis ac nibh.', 8, 8, 8);
insert into HopDongTraGop (NhanVienID, Ngay, Noidung, SanPhamId, KhachHangId, PhongGiaoDichId) values (9, '2019-11-16', 'Integer a nibh. In quis justo.', 9, 9, 9);
insert into HopDongTraGop (NhanVienID, Ngay, Noidung, SanPhamId, KhachHangId, PhongGiaoDichId) values (10, '2019-12-12', 'Lorem ipsum dolor sit amet, consectetuer adipiscing elit. Proin risus. Praesent lectus.', 10, 10, 10);
insert into HopDongTraGop (NhanVienID, Ngay, Noidung, SanPhamId, KhachHangId, PhongGiaoDichId) values (11, '2019-08-20', 'Aliquam quis turpis eget elit sodales scelerisque. Mauris sit amet eros.', 11, 11, 11);
insert into HopDongTraGop (NhanVienID, Ngay, Noidung, SanPhamId, KhachHangId, PhongGiaoDichId) values (12, '2019-06-15', 'Donec semper sapien a libero. Nam dui. Proin leo odio, porttitor id, consequat in, consequat ut, nulla. Sed accumsan felis. Ut at dolor quis odio consequat varius.', 12, 12, 12);
insert into HopDongTraGop (NhanVienID, Ngay, Noidung, SanPhamId, KhachHangId, PhongGiaoDichId) values (13, '2019-08-12', 'Nullam orci pede, venenatis non, sodales sed, tincidunt eu, felis. Fusce posuere felis sed lacus. Morbi sem mauris, laoreet ut, rhoncus aliquet, pulvinar sed, nisl. Nunc rhoncus dui vel sem. Sed sagittis. Nam congue, risus semper porta volutpat, quam pede lobortis ligula, sit amet eleifend pede libero quis orci. Nullam molestie nibh in lectus. Pellentesque at nulla.', 13, 13, 13);
insert into HopDongTraGop (NhanVienID, Ngay, Noidung, SanPhamId, KhachHangId, PhongGiaoDichId) values (14, '2020-04-04', 'Duis aliquam convallis nunc. Proin at turpis a pede posuere nonummy. Integer non velit. Donec diam neque, vestibulum eget, vulputate ut, ultrices vel, augue. Vestibulum ante ipsum primis in faucibus orci luctus et ultrices posuere cubilia Curae; Donec pharetra, magna vestibulum aliquet ultrices, erat tortor sollicitudin mi, sit amet lobortis sapien sapien non mi. Integer ac neque.', 14, 14, 14);
insert into HopDongTraGop (NhanVienID, Ngay, Noidung, SanPhamId, KhachHangId, PhongGiaoDichId) values (15, '2019-09-19', 'Donec semper sapien a libero. Nam dui. Proin leo odio, porttitor id, consequat in, consequat ut, nulla. Sed accumsan felis. Ut at dolor quis odio consequat varius. Integer ac leo. Pellentesque ultrices mattis odio.', 15, 15, 15);
insert into HopDongTraGop (NhanVienID, Ngay, Noidung, SanPhamId, KhachHangId, PhongGiaoDichId) values (16, '2019-07-05', 'Maecenas leo odio, condimentum id, luctus nec, molestie sed, justo. Pellentesque viverra pede ac diam. Cras pellentesque volutpat dui. Maecenas tristique, est et tempus semper, est quam pharetra magna, ac consequat metus sapien ut nunc. Vestibulum ante ipsum primis in faucibus orci luctus et ultrices posuere cubilia Curae; Mauris viverra diam vitae quam. Suspendisse potenti. Nullam porttitor lacus at turpis. Donec posuere metus vitae ipsum. Aliquam non mauris.', 16, 16, 16);
insert into HopDongTraGop (NhanVienID, Ngay, Noidung, SanPhamId, KhachHangId, PhongGiaoDichId) values (17, '2019-09-18', 'Etiam vel augue. Vestibulum rutrum rutrum neque. Aenean auctor gravida sem. Praesent id massa id nisl venenatis lacinia. Aenean sit amet justo.', 17, 17, 17);
insert into HopDongTraGop (NhanVienID, Ngay, Noidung, SanPhamId, KhachHangId, PhongGiaoDichId) values (18, '2019-12-16', 'Integer a nibh. In quis justo. Maecenas rhoncus aliquam lacus. Morbi quis tortor id nulla ultrices aliquet. Maecenas leo odio, condimentum id, luctus nec, molestie sed, justo. Pellentesque viverra pede ac diam. Cras pellentesque volutpat dui. Maecenas tristique, est et tempus semper, est quam pharetra magna, ac consequat metus sapien ut nunc.', 18, 18, 18);
insert into HopDongTraGop (NhanVienID, Ngay, Noidung, SanPhamId, KhachHangId, PhongGiaoDichId) values (19, '2019-12-21', 'Integer tincidunt ante vel ipsum. Praesent blandit lacinia erat. Vestibulum sed magna at nunc commodo placerat. Praesent blandit. Nam nulla.', 19, 19, 19);
insert into HopDongTraGop (NhanVienID, Ngay, Noidung, SanPhamId, KhachHangId, PhongGiaoDichId) values (20, '2020-02-20', 'Curabitur convallis. Duis consequat dui nec nisi volutpat eleifend. Donec ut dolor. Morbi vel lectus in quam fringilla rhoncus. Mauris enim leo, rhoncus sed, vestibulum sit amet, cursus id, turpis. Integer aliquet, massa id lobortis convallis, tortor risus dapibus augue, vel accumsan tellus nisi eu orci. Mauris lacinia sapien quis libero. Nullam sit amet turpis elementum ligula vehicula consequat.', 20, 20, 20);
insert into HopDongTraGop (NhanVienID, Ngay, Noidung, SanPhamId, KhachHangId, PhongGiaoDichId) values (21, '2020-05-04', 'Morbi vel lectus in quam fringilla rhoncus. Mauris enim leo, rhoncus sed, vestibulum sit amet, cursus id, turpis. Integer aliquet, massa id lobortis convallis, tortor risus dapibus augue, vel accumsan tellus nisi eu orci.', 21, 21, 21);
insert into HopDongTraGop (NhanVienID, Ngay, Noidung, SanPhamId, KhachHangId, PhongGiaoDichId) values (22, '2019-11-25', 'Vestibulum ac est lacinia nisi venenatis tristique. Fusce congue, diam id ornare imperdiet, sapien urna pretium nisl, ut volutpat sapien arcu sed augue.', 22, 22, 22);
insert into HopDongTraGop (NhanVienID, Ngay, Noidung, SanPhamId, KhachHangId, PhongGiaoDichId) values (23, '2020-04-25', 'Morbi odio odio, elementum eu, interdum eu, tincidunt in, leo. Maecenas pulvinar lobortis est. Phasellus sit amet erat. Nulla tempus.', 23, 23, 23);
insert into HopDongTraGop (NhanVienID, Ngay, Noidung, SanPhamId, KhachHangId, PhongGiaoDichId) values (24, '2020-02-22', 'Etiam pretium iaculis justo. In hac habitasse platea dictumst. Etiam faucibus cursus urna. Ut tellus. Nulla ut erat id mauris vulputate elementum. Nullam varius. Nulla facilisi. Cras non velit nec nisi vulputate nonummy. Maecenas tincidunt lacus at velit.', 24, 24, 24);
insert into HopDongTraGop (NhanVienID, Ngay, Noidung, SanPhamId, KhachHangId, PhongGiaoDichId) values (25, '2020-03-11', 'Pellentesque ultrices mattis odio. Donec vitae nisi. Nam ultrices, libero non mattis pulvinar, nulla pede ullamcorper augue, a suscipit nulla elit ac nulla. Sed vel enim sit amet nunc viverra dapibus. Nulla suscipit ligula in lacus. Curabitur at ipsum ac tellus semper interdum.', 25, 25, 25);
insert into HopDongTraGop (NhanVienID, Ngay, Noidung, SanPhamId, KhachHangId, PhongGiaoDichId) values (26, '2019-09-24', 'Fusce lacus purus, aliquet at, feugiat non, pretium quis, lectus. Suspendisse potenti. In eleifend quam a odio. In hac habitasse platea dictumst. Maecenas ut massa quis augue luctus tincidunt. Nulla mollis molestie lorem. Quisque ut erat. Curabitur gravida nisi at nibh. In hac habitasse platea dictumst.', 26, 26, 26);
insert into HopDongTraGop (NhanVienID, Ngay, Noidung, SanPhamId, KhachHangId, PhongGiaoDichId) values (27, '2019-12-16', 'Nunc purus. Phasellus in felis. Donec semper sapien a libero. Nam dui. Proin leo odio, porttitor id, consequat in, consequat ut, nulla. Sed accumsan felis.', 27, 27, 27);
insert into HopDongTraGop (NhanVienID, Ngay, Noidung, SanPhamId, KhachHangId, PhongGiaoDichId) values (28, '2020-02-17', 'Suspendisse potenti. Cras in purus eu magna vulputate luctus. Cum sociis natoque penatibus et magnis dis parturient montes, nascetur ridiculus mus. Vivamus vestibulum sagittis sapien. Cum sociis natoque penatibus et magnis dis parturient montes, nascetur ridiculus mus. Etiam vel augue.', 28, 28, 28);
insert into HopDongTraGop (NhanVienID, Ngay, Noidung, SanPhamId, KhachHangId, PhongGiaoDichId) values (29, '2020-02-12', 'Ut at dolor quis odio consequat varius. Integer ac leo.', 29, 29, 29);
insert into HopDongTraGop (NhanVienID, Ngay, Noidung, SanPhamId, KhachHangId, PhongGiaoDichId) values (30, '2020-02-29', 'Vestibulum ante ipsum primis in faucibus orci luctus et ultrices posuere cubilia Curae; Nulla dapibus dolor vel est. Donec odio justo, sollicitudin ut, suscipit a, feugiat et, eros. Vestibulum ac est lacinia nisi venenatis tristique. Fusce congue, diam id ornare imperdiet, sapien urna pretium nisl, ut volutpat sapien arcu sed augue. Aliquam erat volutpat. In congue.', 30, 30, 30);
insert into HopDongTraGop (NhanVienID, Ngay, Noidung, SanPhamId, KhachHangId, PhongGiaoDichId) values (31, '2019-12-30', 'Morbi porttitor lorem id ligula. Suspendisse ornare consequat lectus. In est risus, auctor sed, tristique in, tempus sit amet, sem.', 31, 31, 31);
insert into HopDongTraGop (NhanVienID, Ngay, Noidung, SanPhamId, KhachHangId, PhongGiaoDichId) values (32, '2019-08-15', 'In hac habitasse platea dictumst. Etiam faucibus cursus urna. Ut tellus. Nulla ut erat id mauris vulputate elementum. Nullam varius.', 32, 32, 32);
insert into HopDongTraGop (NhanVienID, Ngay, Noidung, SanPhamId, KhachHangId, PhongGiaoDichId) values (33, '2020-03-18', 'Praesent blandit. Nam nulla. Integer pede justo, lacinia eget, tincidunt eget, tempus vel, pede. Morbi porttitor lorem id ligula. Suspendisse ornare consequat lectus.', 33, 33, 33);
insert into HopDongTraGop (NhanVienID, Ngay, Noidung, SanPhamId, KhachHangId, PhongGiaoDichId) values (34, '2019-11-07', 'Sed ante. Vivamus tortor.', 34, 34, 34);
insert into HopDongTraGop (NhanVienID, Ngay, Noidung, SanPhamId, KhachHangId, PhongGiaoDichId) values (35, '2020-02-06', 'Vestibulum rutrum rutrum neque. Aenean auctor gravida sem. Praesent id massa id nisl venenatis lacinia. Aenean sit amet justo. Morbi ut odio.', 35, 35, 35);
insert into HopDongTraGop (NhanVienID, Ngay, Noidung, SanPhamId, KhachHangId, PhongGiaoDichId) values (36, '2019-12-09', 'Maecenas pulvinar lobortis est. Phasellus sit amet erat. Nulla tempus. Vivamus in felis eu sapien cursus vestibulum. Proin eu mi. Nulla ac enim. In tempor, turpis nec euismod scelerisque, quam turpis adipiscing lorem, vitae mattis nibh ligula nec sem. Duis aliquam convallis nunc.', 36, 36, 36);
insert into HopDongTraGop (NhanVienID, Ngay, Noidung, SanPhamId, KhachHangId, PhongGiaoDichId) values (37, '2019-07-25', 'Morbi vel lectus in quam fringilla rhoncus. Mauris enim leo, rhoncus sed, vestibulum sit amet, cursus id, turpis. Integer aliquet, massa id lobortis convallis, tortor risus dapibus augue, vel accumsan tellus nisi eu orci. Mauris lacinia sapien quis libero. Nullam sit amet turpis elementum ligula vehicula consequat.', 37, 37, 37);
insert into HopDongTraGop (NhanVienID, Ngay, Noidung, SanPhamId, KhachHangId, PhongGiaoDichId) values (38, '2019-06-01', 'Proin eu mi. Nulla ac enim. In tempor, turpis nec euismod scelerisque, quam turpis adipiscing lorem, vitae mattis nibh ligula nec sem.', 38, 38, 38);
insert into HopDongTraGop (NhanVienID, Ngay, Noidung, SanPhamId, KhachHangId, PhongGiaoDichId) values (39, '2019-12-08', 'Cras mi pede, malesuada in, imperdiet et, commodo vulputate, justo. In blandit ultrices enim. Lorem ipsum dolor sit amet, consectetuer adipiscing elit. Proin interdum mauris non ligula pellentesque ultrices.', 39, 39, 39);
insert into HopDongTraGop (NhanVienID, Ngay, Noidung, SanPhamId, KhachHangId, PhongGiaoDichId) values (40, '2019-11-10', 'Vestibulum ante ipsum primis in faucibus orci luctus et ultrices posuere cubilia Curae; Mauris viverra diam vitae quam. Suspendisse potenti. Nullam porttitor lacus at turpis. Donec posuere metus vitae ipsum. Aliquam non mauris. Morbi non lectus.', 40, 40, 40);
insert into HopDongTraGop (NhanVienID, Ngay, Noidung, SanPhamId, KhachHangId, PhongGiaoDichId) values (41, '2019-11-23', 'In tempor, turpis nec euismod scelerisque, quam turpis adipiscing lorem, vitae mattis nibh ligula nec sem. Duis aliquam convallis nunc. Proin at turpis a pede posuere nonummy. Integer non velit. Donec diam neque, vestibulum eget, vulputate ut, ultrices vel, augue. Vestibulum ante ipsum primis in faucibus orci luctus et ultrices posuere cubilia Curae; Donec pharetra, magna vestibulum aliquet ultrices, erat tortor sollicitudin mi, sit amet lobortis sapien sapien non mi. Integer ac neque. Duis bibendum. Morbi non quam nec dui luctus rutrum.', 41, 41, 41);
insert into HopDongTraGop (NhanVienID, Ngay, Noidung, SanPhamId, KhachHangId, PhongGiaoDichId) values (42, '2019-07-12', 'Suspendisse ornare consequat lectus. In est risus, auctor sed, tristique in, tempus sit amet, sem. Fusce consequat. Nulla nisl. Nunc nisl.', 42, 42, 42);
insert into HopDongTraGop (NhanVienID, Ngay, Noidung, SanPhamId, KhachHangId, PhongGiaoDichId) values (43, '2019-09-24', 'Quisque ut erat. Curabitur gravida nisi at nibh. In hac habitasse platea dictumst. Aliquam augue quam, sollicitudin vitae, consectetuer eget, rutrum at, lorem. Integer tincidunt ante vel ipsum. Praesent blandit lacinia erat. Vestibulum sed magna at nunc commodo placerat.', 43, 43, 43);
insert into HopDongTraGop (NhanVienID, Ngay, Noidung, SanPhamId, KhachHangId, PhongGiaoDichId) values (44, '2020-05-10', 'Proin leo odio, porttitor id, consequat in, consequat ut, nulla. Sed accumsan felis. Ut at dolor quis odio consequat varius.', 44, 44, 44);
insert into HopDongTraGop (NhanVienID, Ngay, Noidung, SanPhamId, KhachHangId, PhongGiaoDichId) values (45, '2019-06-01', 'Mauris lacinia sapien quis libero. Nullam sit amet turpis elementum ligula vehicula consequat.', 45, 45, 45);
insert into HopDongTraGop (NhanVienID, Ngay, Noidung, SanPhamId, KhachHangId, PhongGiaoDichId) values (46, '2020-03-07', 'Etiam vel augue. Vestibulum rutrum rutrum neque. Aenean auctor gravida sem.', 46, 46, 46);
insert into HopDongTraGop (NhanVienID, Ngay, Noidung, SanPhamId, KhachHangId, PhongGiaoDichId) values (47, '2019-08-03', 'Ut tellus. Nulla ut erat id mauris vulputate elementum. Nullam varius. Nulla facilisi. Cras non velit nec nisi vulputate nonummy. Maecenas tincidunt lacus at velit.', 47, 47, 47);
insert into HopDongTraGop (NhanVienID, Ngay, Noidung, SanPhamId, KhachHangId, PhongGiaoDichId) values (48, '2019-09-03', 'Nam tristique tortor eu pede.', 48, 48, 48);
insert into HopDongTraGop (NhanVienID, Ngay, Noidung, SanPhamId, KhachHangId, PhongGiaoDichId) values (49, '2019-11-02', 'Vivamus tortor. Duis mattis egestas metus. Aenean fermentum. Donec ut mauris eget massa tempor convallis.', 49, 49, 49);
insert into HopDongTraGop (NhanVienID, Ngay, Noidung, SanPhamId, KhachHangId, PhongGiaoDichId) values (50, '2019-11-12', 'In hac habitasse platea dictumst. Morbi vestibulum, velit id pretium iaculis, diam erat fermentum justo, nec condimentum neque sapien placerat ante. Nulla justo. Aliquam quis turpis eget elit sodales scelerisque. Mauris sit amet eros. Suspendisse accumsan tortor quis turpis. Sed ante. Vivamus tortor. Duis mattis egestas metus. Aenean fermentum.', 50, 50, 50);


insert into HopDongTheTD (NhanVienId, KhachHangId, Sotien, Ngay, Noidung, TheTDId, PhongGiaoDichId) values (1, 1, 429988, '2020-04-04', 'Cras non velit nec nisi vulputate nonummy. Maecenas tincidunt lacus at velit. Vivamus vel nulla eget eros elementum pellentesque.', 1, 1);
insert into HopDongTheTD (NhanVienId, KhachHangId, Sotien, Ngay, Noidung, TheTDId, PhongGiaoDichId) values (2, 2, 231548, '2020-03-30', 'Quisque id justo sit amet sapien dignissim vestibulum. Vestibulum ante ipsum primis in faucibus orci luctus et ultrices posuere cubilia Curae; Nulla dapibus dolor vel est. Donec odio justo, sollicitudin ut, suscipit a, feugiat et, eros.', 2, 2);
insert into HopDongTheTD (NhanVienId, KhachHangId, Sotien, Ngay, Noidung, TheTDId, PhongGiaoDichId) values (3, 3, 396543, '2020-02-12', 'In sagittis dui vel nisl. Duis ac nibh. Fusce lacus purus, aliquet at, feugiat non, pretium quis, lectus.', 3, 3);
insert into HopDongTheTD (NhanVienId, KhachHangId, Sotien, Ngay, Noidung, TheTDId, PhongGiaoDichId) values (4, 4, 383534, '2020-03-04', 'Proin interdum mauris non ligula pellentesque ultrices. Phasellus id sapien in sapien iaculis congue. Vivamus metus arcu, adipiscing molestie, hendrerit at, vulputate vitae, nisl.', 4, 4);
insert into HopDongTheTD (NhanVienId, KhachHangId, Sotien, Ngay, Noidung, TheTDId, PhongGiaoDichId) values (5, 5, 464282, '2020-04-03', 'Sed sagittis. Nam congue, risus semper porta volutpat, quam pede lobortis ligula, sit amet eleifend pede libero quis orci. Nullam molestie nibh in lectus.', 5, 5);
insert into HopDongTheTD (NhanVienId, KhachHangId, Sotien, Ngay, Noidung, TheTDId, PhongGiaoDichId) values (6, 6, 328917, '2020-03-21', 'Proin leo odio, porttitor id, consequat in, consequat ut, nulla. Sed accumsan felis. Ut at dolor quis odio consequat varius.', 6, 6);
insert into HopDongTheTD (NhanVienId, KhachHangId, Sotien, Ngay, Noidung, TheTDId, PhongGiaoDichId) values (7, 7, 378937, '2020-02-18', 'Praesent blandit. Nam nulla. Integer pede justo, lacinia eget, tincidunt eget, tempus vel, pede.', 7, 7);
insert into HopDongTheTD (NhanVienId, KhachHangId, Sotien, Ngay, Noidung, TheTDId, PhongGiaoDichId) values (8, 8, 139208, '2020-03-27', 'Morbi porttitor lorem id ligula. Suspendisse ornare consequat lectus. In est risus, auctor sed, tristique in, tempus sit amet, sem.', 8, 8);
insert into HopDongTheTD (NhanVienId, KhachHangId, Sotien, Ngay, Noidung, TheTDId, PhongGiaoDichId) values (9, 9, 257870, '2020-02-21', 'Vestibulum ac est lacinia nisi venenatis tristique. Fusce congue, diam id ornare imperdiet, sapien urna pretium nisl, ut volutpat sapien arcu sed augue. Aliquam erat volutpat.', 9, 9);
insert into HopDongTheTD (NhanVienId, KhachHangId, Sotien, Ngay, Noidung, TheTDId, PhongGiaoDichId) values (10, 10, 248113, '2020-03-07', 'Quisque porta volutpat erat. Quisque erat eros, viverra eget, congue eget, semper rutrum, nulla. Nunc purus.', 10, 10);
insert into HopDongTheTD (NhanVienId, KhachHangId, Sotien, Ngay, Noidung, TheTDId, PhongGiaoDichId) values (11, 11, 9197, '2020-03-31', 'Proin interdum mauris non ligula pellentesque ultrices. Phasellus id sapien in sapien iaculis congue. Vivamus metus arcu, adipiscing molestie, hendrerit at, vulputate vitae, nisl.', 11, 11);
insert into HopDongTheTD (NhanVienId, KhachHangId, Sotien, Ngay, Noidung, TheTDId, PhongGiaoDichId) values (12, 12, 280898, '2020-04-07', 'Vestibulum quam sapien, varius ut, blandit non, interdum in, ante. Vestibulum ante ipsum primis in faucibus orci luctus et ultrices posuere cubilia Curae; Duis faucibus accumsan odio. Curabitur convallis.', 12, 12);
insert into HopDongTheTD (NhanVienId, KhachHangId, Sotien, Ngay, Noidung, TheTDId, PhongGiaoDichId) values (13, 13, 175995, '2020-02-07', 'Fusce posuere felis sed lacus. Morbi sem mauris, laoreet ut, rhoncus aliquet, pulvinar sed, nisl. Nunc rhoncus dui vel sem.', 13, 13);
insert into HopDongTheTD (NhanVienId, KhachHangId, Sotien, Ngay, Noidung, TheTDId, PhongGiaoDichId) values (14, 14, 213293, '2020-02-05', 'In congue. Etiam justo. Etiam pretium iaculis justo.', 14, 14);
insert into HopDongTheTD (NhanVienId, KhachHangId, Sotien, Ngay, Noidung, TheTDId, PhongGiaoDichId) values (15, 15, 98635, '2020-03-04', 'In hac habitasse platea dictumst. Morbi vestibulum, velit id pretium iaculis, diam erat fermentum justo, nec condimentum neque sapien placerat ante. Nulla justo.', 15, 15);
insert into HopDongTheTD (NhanVienId, KhachHangId, Sotien, Ngay, Noidung, TheTDId, PhongGiaoDichId) values (16, 16, 170428, '2020-04-06', 'Vestibulum ac est lacinia nisi venenatis tristique. Fusce congue, diam id ornare imperdiet, sapien urna pretium nisl, ut volutpat sapien arcu sed augue. Aliquam erat volutpat.', 16, 16);
insert into HopDongTheTD (NhanVienId, KhachHangId, Sotien, Ngay, Noidung, TheTDId, PhongGiaoDichId) values (17, 17, 330655, '2020-03-10', 'Cum sociis natoque penatibus et magnis dis parturient montes, nascetur ridiculus mus. Vivamus vestibulum sagittis sapien. Cum sociis natoque penatibus et magnis dis parturient montes, nascetur ridiculus mus.', 17, 17);
insert into HopDongTheTD (NhanVienId, KhachHangId, Sotien, Ngay, Noidung, TheTDId, PhongGiaoDichId) values (18, 18, 469788, '2020-04-04', 'Proin eu mi. Nulla ac enim. In tempor, turpis nec euismod scelerisque, quam turpis adipiscing lorem, vitae mattis nibh ligula nec sem.', 18, 18);
insert into HopDongTheTD (NhanVienId, KhachHangId, Sotien, Ngay, Noidung, TheTDId, PhongGiaoDichId) values (19, 19, 455945, '2020-03-01', 'Sed ante. Vivamus tortor. Duis mattis egestas metus.', 19, 19);
insert into HopDongTheTD (NhanVienId, KhachHangId, Sotien, Ngay, Noidung, TheTDId, PhongGiaoDichId) values (20, 20, 320741, '2020-03-11', 'Curabitur gravida nisi at nibh. In hac habitasse platea dictumst. Aliquam augue quam, sollicitudin vitae, consectetuer eget, rutrum at, lorem.', 20, 20);
insert into HopDongTheTD (NhanVienId, KhachHangId, Sotien, Ngay, Noidung, TheTDId, PhongGiaoDichId) values (21, 21, 122073, '2020-02-21', 'Aliquam quis turpis eget elit sodales scelerisque. Mauris sit amet eros. Suspendisse accumsan tortor quis turpis.', 21, 21);
insert into HopDongTheTD (NhanVienId, KhachHangId, Sotien, Ngay, Noidung, TheTDId, PhongGiaoDichId) values (22, 22, 7829, '2020-03-11', 'Vestibulum ac est lacinia nisi venenatis tristique. Fusce congue, diam id ornare imperdiet, sapien urna pretium nisl, ut volutpat sapien arcu sed augue. Aliquam erat volutpat.', 22, 22);
insert into HopDongTheTD (NhanVienId, KhachHangId, Sotien, Ngay, Noidung, TheTDId, PhongGiaoDichId) values (23, 23, 442847, '2020-02-09', 'Maecenas tristique, est et tempus semper, est quam pharetra magna, ac consequat metus sapien ut nunc. Vestibulum ante ipsum primis in faucibus orci luctus et ultrices posuere cubilia Curae; Mauris viverra diam vitae quam. Suspendisse potenti.', 23, 23);
insert into HopDongTheTD (NhanVienId, KhachHangId, Sotien, Ngay, Noidung, TheTDId, PhongGiaoDichId) values (24, 24, 204775, '2020-02-28', 'Proin interdum mauris non ligula pellentesque ultrices. Phasellus id sapien in sapien iaculis congue. Vivamus metus arcu, adipiscing molestie, hendrerit at, vulputate vitae, nisl.', 24, 24);
insert into HopDongTheTD (NhanVienId, KhachHangId, Sotien, Ngay, Noidung, TheTDId, PhongGiaoDichId) values (25, 25, 482539, '2020-02-09', 'Proin eu mi. Nulla ac enim. In tempor, turpis nec euismod scelerisque, quam turpis adipiscing lorem, vitae mattis nibh ligula nec sem.', 25, 25);
insert into HopDongTheTD (NhanVienId, KhachHangId, Sotien, Ngay, Noidung, TheTDId, PhongGiaoDichId) values (26, 26, 167798, '2020-03-02', 'Cum sociis natoque penatibus et magnis dis parturient montes, nascetur ridiculus mus. Vivamus vestibulum sagittis sapien. Cum sociis natoque penatibus et magnis dis parturient montes, nascetur ridiculus mus.', 26, 26);
insert into HopDongTheTD (NhanVienId, KhachHangId, Sotien, Ngay, Noidung, TheTDId, PhongGiaoDichId) values (27, 27, 215016, '2020-02-29', 'Curabitur in libero ut massa volutpat convallis. Morbi odio odio, elementum eu, interdum eu, tincidunt in, leo. Maecenas pulvinar lobortis est.', 27, 27);
insert into HopDongTheTD (NhanVienId, KhachHangId, Sotien, Ngay, Noidung, TheTDId, PhongGiaoDichId) values (28, 28, 215953, '2020-02-19', 'Aenean fermentum. Donec ut mauris eget massa tempor convallis. Nulla neque libero, convallis eget, eleifend luctus, ultricies eu, nibh.', 28, 28);
insert into HopDongTheTD (NhanVienId, KhachHangId, Sotien, Ngay, Noidung, TheTDId, PhongGiaoDichId) values (29, 29, 789, '2020-03-07', 'Curabitur gravida nisi at nibh. In hac habitasse platea dictumst. Aliquam augue quam, sollicitudin vitae, consectetuer eget, rutrum at, lorem.', 29, 29);
insert into HopDongTheTD (NhanVienId, KhachHangId, Sotien, Ngay, Noidung, TheTDId, PhongGiaoDichId) values (30, 30, 386121, '2020-03-19', 'Fusce consequat. Nulla nisl. Nunc nisl.', 30, 30);
insert into HopDongTheTD (NhanVienId, KhachHangId, Sotien, Ngay, Noidung, TheTDId, PhongGiaoDichId) values (31, 31, 328298, '2020-03-09', 'Maecenas tristique, est et tempus semper, est quam pharetra magna, ac consequat metus sapien ut nunc. Vestibulum ante ipsum primis in faucibus orci luctus et ultrices posuere cubilia Curae; Mauris viverra diam vitae quam. Suspendisse potenti.', 31, 31);
insert into HopDongTheTD (NhanVienId, KhachHangId, Sotien, Ngay, Noidung, TheTDId, PhongGiaoDichId) values (32, 32, 177111, '2020-04-07', 'Quisque porta volutpat erat. Quisque erat eros, viverra eget, congue eget, semper rutrum, nulla. Nunc purus.', 32, 32);
insert into HopDongTheTD (NhanVienId, KhachHangId, Sotien, Ngay, Noidung, TheTDId, PhongGiaoDichId) values (33, 33, 221544, '2020-03-14', 'Nulla ut erat id mauris vulputate elementum. Nullam varius. Nulla facilisi.', 33, 33);
insert into HopDongTheTD (NhanVienId, KhachHangId, Sotien, Ngay, Noidung, TheTDId, PhongGiaoDichId) values (34, 34, 139276, '2020-02-13', 'Mauris enim leo, rhoncus sed, vestibulum sit amet, cursus id, turpis. Integer aliquet, massa id lobortis convallis, tortor risus dapibus augue, vel accumsan tellus nisi eu orci. Mauris lacinia sapien quis libero.', 34, 34);
insert into HopDongTheTD (NhanVienId, KhachHangId, Sotien, Ngay, Noidung, TheTDId, PhongGiaoDichId) values (35, 35, 184890, '2020-03-21', 'In sagittis dui vel nisl. Duis ac nibh. Fusce lacus purus, aliquet at, feugiat non, pretium quis, lectus.', 35, 35);
insert into HopDongTheTD (NhanVienId, KhachHangId, Sotien, Ngay, Noidung, TheTDId, PhongGiaoDichId) values (36, 36, 5149, '2020-03-13', 'Duis consequat dui nec nisi volutpat eleifend. Donec ut dolor. Morbi vel lectus in quam fringilla rhoncus.', 36, 36);
insert into HopDongTheTD (NhanVienId, KhachHangId, Sotien, Ngay, Noidung, TheTDId, PhongGiaoDichId) values (37, 37, 218377, '2020-03-30', 'Cras non velit nec nisi vulputate nonummy. Maecenas tincidunt lacus at velit. Vivamus vel nulla eget eros elementum pellentesque.', 37, 37);
insert into HopDongTheTD (NhanVienId, KhachHangId, Sotien, Ngay, Noidung, TheTDId, PhongGiaoDichId) values (38, 38, 131128, '2020-03-17', 'Nam ultrices, libero non mattis pulvinar, nulla pede ullamcorper augue, a suscipit nulla elit ac nulla. Sed vel enim sit amet nunc viverra dapibus. Nulla suscipit ligula in lacus.', 38, 38);
insert into HopDongTheTD (NhanVienId, KhachHangId, Sotien, Ngay, Noidung, TheTDId, PhongGiaoDichId) values (39, 39, 453363, '2020-02-06', 'Mauris enim leo, rhoncus sed, vestibulum sit amet, cursus id, turpis. Integer aliquet, massa id lobortis convallis, tortor risus dapibus augue, vel accumsan tellus nisi eu orci. Mauris lacinia sapien quis libero.', 39, 39);
insert into HopDongTheTD (NhanVienId, KhachHangId, Sotien, Ngay, Noidung, TheTDId, PhongGiaoDichId) values (40, 40, 424967, '2020-03-18', 'Fusce consequat. Nulla nisl. Nunc nisl.', 40, 40);
insert into HopDongTheTD (NhanVienId, KhachHangId, Sotien, Ngay, Noidung, TheTDId, PhongGiaoDichId) values (41, 41, 314218, '2020-02-03', 'Pellentesque at nulla. Suspendisse potenti. Cras in purus eu magna vulputate luctus.', 41, 41);
insert into HopDongTheTD (NhanVienId, KhachHangId, Sotien, Ngay, Noidung, TheTDId, PhongGiaoDichId) values (42, 42, 371949, '2020-04-08', 'Nam ultrices, libero non mattis pulvinar, nulla pede ullamcorper augue, a suscipit nulla elit ac nulla. Sed vel enim sit amet nunc viverra dapibus. Nulla suscipit ligula in lacus.', 42, 42);
insert into HopDongTheTD (NhanVienId, KhachHangId, Sotien, Ngay, Noidung, TheTDId, PhongGiaoDichId) values (43, 43, 392760, '2020-03-17', 'Sed sagittis. Nam congue, risus semper porta volutpat, quam pede lobortis ligula, sit amet eleifend pede libero quis orci. Nullam molestie nibh in lectus.', 43, 43);
insert into HopDongTheTD (NhanVienId, KhachHangId, Sotien, Ngay, Noidung, TheTDId, PhongGiaoDichId) values (44, 44, 213403, '2020-03-26', 'Nullam porttitor lacus at turpis. Donec posuere metus vitae ipsum. Aliquam non mauris.', 44, 44);
insert into HopDongTheTD (NhanVienId, KhachHangId, Sotien, Ngay, Noidung, TheTDId, PhongGiaoDichId) values (45, 45, 348949, '2020-02-06', 'Nam ultrices, libero non mattis pulvinar, nulla pede ullamcorper augue, a suscipit nulla elit ac nulla. Sed vel enim sit amet nunc viverra dapibus. Nulla suscipit ligula in lacus.', 45, 45);
insert into HopDongTheTD (NhanVienId, KhachHangId, Sotien, Ngay, Noidung, TheTDId, PhongGiaoDichId) values (46, 46, 422755, '2020-03-31', 'Proin interdum mauris non ligula pellentesque ultrices. Phasellus id sapien in sapien iaculis congue. Vivamus metus arcu, adipiscing molestie, hendrerit at, vulputate vitae, nisl.', 46, 46);
insert into HopDongTheTD (NhanVienId, KhachHangId, Sotien, Ngay, Noidung, TheTDId, PhongGiaoDichId) values (47, 47, 2408, '2020-02-24', 'Phasellus in felis. Donec semper sapien a libero. Nam dui.', 47, 47);
insert into HopDongTheTD (NhanVienId, KhachHangId, Sotien, Ngay, Noidung, TheTDId, PhongGiaoDichId) values (48, 48, 23388, '2020-02-24', 'Cras non velit nec nisi vulputate nonummy. Maecenas tincidunt lacus at velit. Vivamus vel nulla eget eros elementum pellentesque.', 48, 48);
insert into HopDongTheTD (NhanVienId, KhachHangId, Sotien, Ngay, Noidung, TheTDId, PhongGiaoDichId) values (49, 49, 429190, '2020-03-09', 'Pellentesque at nulla. Suspendisse potenti. Cras in purus eu magna vulputate luctus.', 49, 49);
insert into HopDongTheTD (NhanVienId, KhachHangId, Sotien, Ngay, Noidung, TheTDId, PhongGiaoDichId) values (50, 50, 320896, '2020-04-03', 'Nulla ut erat id mauris vulputate elementum. Nullam varius. Nulla facilisi.', 50, 50);



insert into BangLuong (Songaydilam, Songaynghi, Hesocban, Diemthuong, Thoigiandimuon, ThanhTien, Thang, NhanVienId) values (20, 7, 0.4, 30, 39153, 38958, 10, 1);
insert into BangLuong (Songaydilam, Songaynghi, Hesocban, Diemthuong, Thoigiandimuon, ThanhTien, Thang, NhanVienId) values (21, 13, 1.0, 27, 38105, 37200, 2, 2);
insert into BangLuong (Songaydilam, Songaynghi, Hesocban, Diemthuong, Thoigiandimuon, ThanhTien, Thang, NhanVienId) values (23, 2, 0.5, 18, 33704, 41399, 2, 3);
insert into BangLuong (Songaydilam, Songaynghi, Hesocban, Diemthuong, Thoigiandimuon, ThanhTien, Thang, NhanVienId) values (29, 18, 1.0, 16, 20354, 30138, 8, 4);
insert into BangLuong (Songaydilam, Songaynghi, Hesocban, Diemthuong, Thoigiandimuon, ThanhTien, Thang, NhanVienId) values (31, 2, 0.7, 48, 16861, 7678, 5, 5);
insert into BangLuong (Songaydilam, Songaynghi, Hesocban, Diemthuong, Thoigiandimuon, ThanhTien, Thang, NhanVienId) values (29, 11, 0.3, 2, 4331, 40649, 1, 6);
insert into BangLuong (Songaydilam, Songaynghi, Hesocban, Diemthuong, Thoigiandimuon, ThanhTien, Thang, NhanVienId) values (25, 17, 0.7, 87, 36336, 30880, 8, 7);
insert into BangLuong (Songaydilam, Songaynghi, Hesocban, Diemthuong, Thoigiandimuon, ThanhTien, Thang, NhanVienId) values (23, 12, 1.7, 23, 22023, 21222, 9, 8);
insert into BangLuong (Songaydilam, Songaynghi, Hesocban, Diemthuong, Thoigiandimuon, ThanhTien, Thang, NhanVienId) values (28, 11, 0.1, 50, 18808, 43483, 7, 9);
insert into BangLuong (Songaydilam, Songaynghi, Hesocban, Diemthuong, Thoigiandimuon, ThanhTien, Thang, NhanVienId) values (21, 11, 2.0, 47, 23522, 25220, 2, 10);
insert into BangLuong (Songaydilam, Songaynghi, Hesocban, Diemthuong, Thoigiandimuon, ThanhTien, Thang, NhanVienId) values (29, 4, 1.5, 91, 21333, 11572, 4, 11);
insert into BangLuong (Songaydilam, Songaynghi, Hesocban, Diemthuong, Thoigiandimuon, ThanhTien, Thang, NhanVienId) values (21, 12, 1.4, 93, 23738, 48566, 1, 12);
insert into BangLuong (Songaydilam, Songaynghi, Hesocban, Diemthuong, Thoigiandimuon, ThanhTien, Thang, NhanVienId) values (26, 7, 0.0, 91, 36268, 8140, 9, 13);
insert into BangLuong (Songaydilam, Songaynghi, Hesocban, Diemthuong, Thoigiandimuon, ThanhTien, Thang, NhanVienId) values (29, 6, 0.1, 64, 31300, 24008, 7, 14);
insert into BangLuong (Songaydilam, Songaynghi, Hesocban, Diemthuong, Thoigiandimuon, ThanhTien, Thang, NhanVienId) values (23, 4, 1.0, 27, 22207, 6832, 9, 15);
insert into BangLuong (Songaydilam, Songaynghi, Hesocban, Diemthuong, Thoigiandimuon, ThanhTien, Thang, NhanVienId) values (29, 10, 1.6, 37, 851, 6425, 1, 16);
insert into BangLuong (Songaydilam, Songaynghi, Hesocban, Diemthuong, Thoigiandimuon, ThanhTien, Thang, NhanVienId) values (22, 18, 0.3, 15, 32289, 17046, 10, 17);
insert into BangLuong (Songaydilam, Songaynghi, Hesocban, Diemthuong, Thoigiandimuon, ThanhTien, Thang, NhanVienId) values (24, 14, 0.2, 45, 3637, 22522, 7, 18);
insert into BangLuong (Songaydilam, Songaynghi, Hesocban, Diemthuong, Thoigiandimuon, ThanhTien, Thang, NhanVienId) values (30, 2, 0.8, 26, 5795, 14737, 3, 19);
insert into BangLuong (Songaydilam, Songaynghi, Hesocban, Diemthuong, Thoigiandimuon, ThanhTien, Thang, NhanVienId) values (24, 2, 0.3, 75, 27767, 3579, 11, 20);
insert into BangLuong (Songaydilam, Songaynghi, Hesocban, Diemthuong, Thoigiandimuon, ThanhTien, Thang, NhanVienId) values (21, 1, 0.9, 61, 29941, 6865, 12, 21);
insert into BangLuong (Songaydilam, Songaynghi, Hesocban, Diemthuong, Thoigiandimuon, ThanhTien, Thang, NhanVienId) values (28, 3, 0.7, 77, 33227, 19514, 11, 22);
insert into BangLuong (Songaydilam, Songaynghi, Hesocban, Diemthuong, Thoigiandimuon, ThanhTien, Thang, NhanVienId) values (31, 4, 0.8, 10, 26697, 21912, 1, 23);
insert into BangLuong (Songaydilam, Songaynghi, Hesocban, Diemthuong, Thoigiandimuon, ThanhTien, Thang, NhanVienId) values (21, 2, 1.1, 81, 28523, 21327, 10, 24);
insert into BangLuong (Songaydilam, Songaynghi, Hesocban, Diemthuong, Thoigiandimuon, ThanhTien, Thang, NhanVienId) values (27, 11, 1.3, 36, 34102, 21650, 8, 25);
insert into BangLuong (Songaydilam, Songaynghi, Hesocban, Diemthuong, Thoigiandimuon, ThanhTien, Thang, NhanVienId) values (28, 15, 0.8, 56, 24255, 11366, 8, 26);
insert into BangLuong (Songaydilam, Songaynghi, Hesocban, Diemthuong, Thoigiandimuon, ThanhTien, Thang, NhanVienId) values (31, 18, 0.9, 94, 27940, 37137, 10, 27);
insert into BangLuong (Songaydilam, Songaynghi, Hesocban, Diemthuong, Thoigiandimuon, ThanhTien, Thang, NhanVienId) values (23, 15, 1.1, 37, 2224, 10122, 2, 28);
insert into BangLuong (Songaydilam, Songaynghi, Hesocban, Diemthuong, Thoigiandimuon, ThanhTien, Thang, NhanVienId) values (26, 9, 1.0, 77, 16990, 28658, 7, 29);
insert into BangLuong (Songaydilam, Songaynghi, Hesocban, Diemthuong, Thoigiandimuon, ThanhTien, Thang, NhanVienId) values (28, 14, 0.4, 74, 39189, 28088, 7, 30);
insert into BangLuong (Songaydilam, Songaynghi, Hesocban, Diemthuong, Thoigiandimuon, ThanhTien, Thang, NhanVienId) values (27, 12, 0.4, 59, 3037, 10701, 2, 31);
insert into BangLuong (Songaydilam, Songaynghi, Hesocban, Diemthuong, Thoigiandimuon, ThanhTien, Thang, NhanVienId) values (29, 7, 1.6, 78, 15365, 41766, 5, 32);
insert into BangLuong (Songaydilam, Songaynghi, Hesocban, Diemthuong, Thoigiandimuon, ThanhTien, Thang, NhanVienId) values (27, 7, 1.5, 97, 28597, 3307, 6, 33);
insert into BangLuong (Songaydilam, Songaynghi, Hesocban, Diemthuong, Thoigiandimuon, ThanhTien, Thang, NhanVienId) values (25, 16, 0.8, 67, 29763, 37725, 10, 34);
insert into BangLuong (Songaydilam, Songaynghi, Hesocban, Diemthuong, Thoigiandimuon, ThanhTien, Thang, NhanVienId) values (27, 15, 1.6, 63, 25331, 12248, 2, 35);
insert into BangLuong (Songaydilam, Songaynghi, Hesocban, Diemthuong, Thoigiandimuon, ThanhTien, Thang, NhanVienId) values (20, 6, 0.3, 20, 5503, 10912, 7, 36);
insert into BangLuong (Songaydilam, Songaynghi, Hesocban, Diemthuong, Thoigiandimuon, ThanhTien, Thang, NhanVienId) values (27, 17, 1.8, 23, 18974, 42956, 6, 37);
insert into BangLuong (Songaydilam, Songaynghi, Hesocban, Diemthuong, Thoigiandimuon, ThanhTien, Thang, NhanVienId) values (21, 11, 0.7, 8, 20329, 47574, 9, 38);
insert into BangLuong (Songaydilam, Songaynghi, Hesocban, Diemthuong, Thoigiandimuon, ThanhTien, Thang, NhanVienId) values (24, 4, 1.3, 92, 18595, 42071, 4, 39);
insert into BangLuong (Songaydilam, Songaynghi, Hesocban, Diemthuong, Thoigiandimuon, ThanhTien, Thang, NhanVienId) values (21, 18, 1.1, 75, 1564, 23681, 8, 40);
insert into BangLuong (Songaydilam, Songaynghi, Hesocban, Diemthuong, Thoigiandimuon, ThanhTien, Thang, NhanVienId) values (26, 16, 0.2, 35, 33679, 37505, 2, 41);
insert into BangLuong (Songaydilam, Songaynghi, Hesocban, Diemthuong, Thoigiandimuon, ThanhTien, Thang, NhanVienId) values (29, 16, 0.1, 18, 5978, 7006, 6, 42);
insert into BangLuong (Songaydilam, Songaynghi, Hesocban, Diemthuong, Thoigiandimuon, ThanhTien, Thang, NhanVienId) values (25, 13, 1.6, 44, 20490, 28903, 4, 43);
insert into BangLuong (Songaydilam, Songaynghi, Hesocban, Diemthuong, Thoigiandimuon, ThanhTien, Thang, NhanVienId) values (21, 4, 0.1, 66, 25813, 40587, 12, 44);
insert into BangLuong (Songaydilam, Songaynghi, Hesocban, Diemthuong, Thoigiandimuon, ThanhTien, Thang, NhanVienId) values (26, 7, 0.4, 80, 15455, 48178, 8, 45);
insert into BangLuong (Songaydilam, Songaynghi, Hesocban, Diemthuong, Thoigiandimuon, ThanhTien, Thang, NhanVienId) values (31, 16, 0.5, 73, 6915, 18855, 6, 46);
insert into BangLuong (Songaydilam, Songaynghi, Hesocban, Diemthuong, Thoigiandimuon, ThanhTien, Thang, NhanVienId) values (26, 7, 1.3, 91, 33065, 9778, 3, 47);
insert into BangLuong (Songaydilam, Songaynghi, Hesocban, Diemthuong, Thoigiandimuon, ThanhTien, Thang, NhanVienId) values (31, 18, 1.8, 55, 316, 40177, 10, 48);
insert into BangLuong (Songaydilam, Songaynghi, Hesocban, Diemthuong, Thoigiandimuon, ThanhTien, Thang, NhanVienId) values (31, 19, 0.9, 53, 30395, 41819, 5, 49);
insert into BangLuong (Songaydilam, Songaynghi, Hesocban, Diemthuong, Thoigiandimuon, ThanhTien, Thang, NhanVienId) values (25, 11, 1.5, 93, 8582, 35178, 11, 50);


insert into ChamCong (Thang, Ngay, ThoiGianMuon, Trangthai, NhanVienId) values (12, 26, 57, 0, 1);
insert into ChamCong (Thang, Ngay, ThoiGianMuon, Trangthai, NhanVienId) values (12, 14, 242, 1, 2);
insert into ChamCong (Thang, Ngay, ThoiGianMuon, Trangthai, NhanVienId) values (4, 15, 273, 1, 3);
insert into ChamCong (Thang, Ngay, ThoiGianMuon, Trangthai, NhanVienId) values (9, 19, 27, 1, 4);
insert into ChamCong (Thang, Ngay, ThoiGianMuon, Trangthai, NhanVienId) values (11, 28, 65, 1, 5);
insert into ChamCong (Thang, Ngay, ThoiGianMuon, Trangthai, NhanVienId) values (2, 20, 206, 0, 6);
insert into ChamCong (Thang, Ngay, ThoiGianMuon, Trangthai, NhanVienId) values (7, 15, 195, 0, 7);
insert into ChamCong (Thang, Ngay, ThoiGianMuon, Trangthai, NhanVienId) values (2, 27, 55, 1, 8);
insert into ChamCong (Thang, Ngay, ThoiGianMuon, Trangthai, NhanVienId) values (2, 27, 299, 1, 9);
insert into ChamCong (Thang, Ngay, ThoiGianMuon, Trangthai, NhanVienId) values (9, 6, 213, 1, 10);
insert into ChamCong (Thang, Ngay, ThoiGianMuon, Trangthai, NhanVienId) values (11, 7, 271, 0, 11);
insert into ChamCong (Thang, Ngay, ThoiGianMuon, Trangthai, NhanVienId) values (12, 5, 52, 1, 12);
insert into ChamCong (Thang, Ngay, ThoiGianMuon, Trangthai, NhanVienId) values (6, 4, 87, 1, 13);
insert into ChamCong (Thang, Ngay, ThoiGianMuon, Trangthai, NhanVienId) values (6, 15, 106, 0, 14);
insert into ChamCong (Thang, Ngay, ThoiGianMuon, Trangthai, NhanVienId) values (11, 1, 247, 0, 15);
insert into ChamCong (Thang, Ngay, ThoiGianMuon, Trangthai, NhanVienId) values (12, 26, 254, 0, 16);
insert into ChamCong (Thang, Ngay, ThoiGianMuon, Trangthai, NhanVienId) values (8, 27, 68, 0, 17);
insert into ChamCong (Thang, Ngay, ThoiGianMuon, Trangthai, NhanVienId) values (8, 19, 247, 1, 18);
insert into ChamCong (Thang, Ngay, ThoiGianMuon, Trangthai, NhanVienId) values (3, 12, 49, 1, 19);
insert into ChamCong (Thang, Ngay, ThoiGianMuon, Trangthai, NhanVienId) values (7, 15, 95, 0, 20);
insert into ChamCong (Thang, Ngay, ThoiGianMuon, Trangthai, NhanVienId) values (7, 28, 247, 0, 21);
insert into ChamCong (Thang, Ngay, ThoiGianMuon, Trangthai, NhanVienId) values (5, 20, 219, 1, 22);
insert into ChamCong (Thang, Ngay, ThoiGianMuon, Trangthai, NhanVienId) values (3, 20, 200, 1, 23);
insert into ChamCong (Thang, Ngay, ThoiGianMuon, Trangthai, NhanVienId) values (10, 2, 72, 1, 24);
insert into ChamCong (Thang, Ngay, ThoiGianMuon, Trangthai, NhanVienId) values (1, 6, 131, 1, 25);
insert into ChamCong (Thang, Ngay, ThoiGianMuon, Trangthai, NhanVienId) values (7, 6, 281, 0, 26);
insert into ChamCong (Thang, Ngay, ThoiGianMuon, Trangthai, NhanVienId) values (12, 4, 52, 1, 27);
insert into ChamCong (Thang, Ngay, ThoiGianMuon, Trangthai, NhanVienId) values (10, 21, 270, 0, 28);
insert into ChamCong (Thang, Ngay, ThoiGianMuon, Trangthai, NhanVienId) values (3, 11, 238, 1, 29);
insert into ChamCong (Thang, Ngay, ThoiGianMuon, Trangthai, NhanVienId) values (3, 16, 262, 1, 30);
insert into ChamCong (Thang, Ngay, ThoiGianMuon, Trangthai, NhanVienId) values (8, 5, 218, 0, 31);
insert into ChamCong (Thang, Ngay, ThoiGianMuon, Trangthai, NhanVienId) values (1, 25, 257, 0, 32);
insert into ChamCong (Thang, Ngay, ThoiGianMuon, Trangthai, NhanVienId) values (2, 21, 277, 0, 33);
insert into ChamCong (Thang, Ngay, ThoiGianMuon, Trangthai, NhanVienId) values (2, 2, 12, 0, 34);
insert into ChamCong (Thang, Ngay, ThoiGianMuon, Trangthai, NhanVienId) values (2, 14, 237, 0, 35);
insert into ChamCong (Thang, Ngay, ThoiGianMuon, Trangthai, NhanVienId) values (8, 6, 268, 1, 36);
insert into ChamCong (Thang, Ngay, ThoiGianMuon, Trangthai, NhanVienId) values (6, 27, 16, 1, 37);
insert into ChamCong (Thang, Ngay, ThoiGianMuon, Trangthai, NhanVienId) values (6, 11, 237, 1, 38);
insert into ChamCong (Thang, Ngay, ThoiGianMuon, Trangthai, NhanVienId) values (2, 21, 193, 0, 39);
insert into ChamCong (Thang, Ngay, ThoiGianMuon, Trangthai, NhanVienId) values (1, 12, 66, 0, 40);
insert into ChamCong (Thang, Ngay, ThoiGianMuon, Trangthai, NhanVienId) values (7, 21, 118, 1, 41);
insert into ChamCong (Thang, Ngay, ThoiGianMuon, Trangthai, NhanVienId) values (9, 2, 120, 0, 42);
insert into ChamCong (Thang, Ngay, ThoiGianMuon, Trangthai, NhanVienId) values (9, 13, 69, 1, 43);
insert into ChamCong (Thang, Ngay, ThoiGianMuon, Trangthai, NhanVienId) values (6, 23, 24, 0, 44);
insert into ChamCong (Thang, Ngay, ThoiGianMuon, Trangthai, NhanVienId) values (5, 1, 159, 0, 45);
insert into ChamCong (Thang, Ngay, ThoiGianMuon, Trangthai, NhanVienId) values (8, 12, 95, 0, 46);
insert into ChamCong (Thang, Ngay, ThoiGianMuon, Trangthai, NhanVienId) values (6, 26, 249, 1, 47);
insert into ChamCong (Thang, Ngay, ThoiGianMuon, Trangthai, NhanVienId) values (2, 16, 238, 1, 48);
insert into ChamCong (Thang, Ngay, ThoiGianMuon, Trangthai, NhanVienId) values (1, 27, 148, 0, 49);
insert into ChamCong (Thang, Ngay, ThoiGianMuon, Trangthai, NhanVienId) values (2, 19, 291, 1, 50);



insert into PhieuUuDai (Ten, Noitieuthu, Giamgia, Ketthuc, KhachHangId) values ('Nestea - Ice Tea, Diet', 'Customers Bancorp, Inc', 55, '2020-03-26', 1);
insert into PhieuUuDai (Ten, Noitieuthu, Giamgia, Ketthuc, KhachHangId) values ('Pears - Anjou', 'STERIS plc', 73, '2020-04-07', 2);
insert into PhieuUuDai (Ten, Noitieuthu, Giamgia, Ketthuc, KhachHangId) values ('Coffee - Irish Cream', 'Associated Capital Group, Inc.', 48, '2020-02-11', 3);
insert into PhieuUuDai (Ten, Noitieuthu, Giamgia, Ketthuc, KhachHangId) values ('Noodles - Steamed Chow Mein', 'Just Energy Group, Inc.', 56, '2020-04-03', 4);
insert into PhieuUuDai (Ten, Noitieuthu, Giamgia, Ketthuc, KhachHangId) values ('Snapple Lemon Tea', 'TPG Specialty Lending, Inc.', 84, '2020-02-28', 5);
insert into PhieuUuDai (Ten, Noitieuthu, Giamgia, Ketthuc, KhachHangId) values ('Pork - Ham Hocks - Smoked', 'Community Health Systems, Inc.', 100, '2020-03-07', 6);
insert into PhieuUuDai (Ten, Noitieuthu, Giamgia, Ketthuc, KhachHangId) values ('Tea - Jasmin Green', 'Onvia, Inc.', 38, '2020-02-27', 7);
insert into PhieuUuDai (Ten, Noitieuthu, Giamgia, Ketthuc, KhachHangId) values ('Sloe Gin - Mcguinness', 'Urstadt Biddle Properties Inc.', 90, '2020-03-24', 8);
insert into PhieuUuDai (Ten, Noitieuthu, Giamgia, Ketthuc, KhachHangId) values ('Rice - Sushi', 'SuperValu Inc.', 58, '2020-02-09', 9);
insert into PhieuUuDai (Ten, Noitieuthu, Giamgia, Ketthuc, KhachHangId) values ('Lid - High Heat, Super Clear', 'Qwest Corporation', 64, '2020-02-16', 10);
insert into PhieuUuDai (Ten, Noitieuthu, Giamgia, Ketthuc, KhachHangId) values ('Mushroom - Crimini', 'SuperValu Inc.', 25, '2020-03-15', 11);
insert into PhieuUuDai (Ten, Noitieuthu, Giamgia, Ketthuc, KhachHangId) values ('Champagne - Brights, Dry', 'Trevena, Inc.', 21, '2020-02-28', 12);
insert into PhieuUuDai (Ten, Noitieuthu, Giamgia, Ketthuc, KhachHangId) values ('Wine - Stoneliegh Sauvignon', 'National Bankshares, Inc.', 1, '2020-02-25', 13);
insert into PhieuUuDai (Ten, Noitieuthu, Giamgia, Ketthuc, KhachHangId) values ('Lettuce - Escarole', '500.com Limited', 99, '2020-02-17', 14);
insert into PhieuUuDai (Ten, Noitieuthu, Giamgia, Ketthuc, KhachHangId) values ('Quail - Whole, Bone - In', 'Mechel PAO', 60, '2020-02-03', 15);
insert into PhieuUuDai (Ten, Noitieuthu, Giamgia, Ketthuc, KhachHangId) values ('Red Snapper - Fillet, Skin On', 'Cogent Communications Holdings, Inc.', 40, '2020-02-15', 16);
insert into PhieuUuDai (Ten, Noitieuthu, Giamgia, Ketthuc, KhachHangId) values ('Island Oasis - Lemonade', 'Stemline Therapeutics, Inc.', 99, '2020-02-06', 17);
insert into PhieuUuDai (Ten, Noitieuthu, Giamgia, Ketthuc, KhachHangId) values ('Clams - Littleneck, Whole', 'Blackrock Municipal 2018 Term Trust', 16, '2020-02-12', 18);
insert into PhieuUuDai (Ten, Noitieuthu, Giamgia, Ketthuc, KhachHangId) values ('Lamb Shoulder Boneless Nz', 'National Holdings Corporation', 54, '2020-03-12', 19);
insert into PhieuUuDai (Ten, Noitieuthu, Giamgia, Ketthuc, KhachHangId) values ('Flour - Cake', 'Fossil Group, Inc.', 5, '2020-02-06', 20);
insert into PhieuUuDai (Ten, Noitieuthu, Giamgia, Ketthuc, KhachHangId) values ('Rabbit - Frozen', 'Cliffs Natural Resources Inc.', 10, '2020-02-19', 21);
insert into PhieuUuDai (Ten, Noitieuthu, Giamgia, Ketthuc, KhachHangId) values ('Beer - Alexander Kieths, Pale Ale', 'USG Corporation', 60, '2020-02-26', 22);
insert into PhieuUuDai (Ten, Noitieuthu, Giamgia, Ketthuc, KhachHangId) values ('Red Snapper - Fresh, Whole', 'J.M. Smucker Company (The)', 13, '2020-03-20', 23);
insert into PhieuUuDai (Ten, Noitieuthu, Giamgia, Ketthuc, KhachHangId) values ('Wine - Chianti Classico Riserva', 'Lonestar Resources US Inc.', 30, '2020-03-27', 24);
insert into PhieuUuDai (Ten, Noitieuthu, Giamgia, Ketthuc, KhachHangId) values ('Nut - Almond, Blanched, Sliced', 'State Street Corporation', 45, '2020-02-13', 25);
insert into PhieuUuDai (Ten, Noitieuthu, Giamgia, Ketthuc, KhachHangId) values ('Spaghetti Squash', 'Blackhawk Network Holdings, Inc.', 40, '2020-03-04', 26);
insert into PhieuUuDai (Ten, Noitieuthu, Giamgia, Ketthuc, KhachHangId) values ('Mints - Striped Red', 'Portland General Electric Company', 20, '2020-03-19', 27);
insert into PhieuUuDai (Ten, Noitieuthu, Giamgia, Ketthuc, KhachHangId) values ('Bamboo Shoots - Sliced', 'Embotelladora Andina S.A.', 55, '2020-03-26', 28);
insert into PhieuUuDai (Ten, Noitieuthu, Giamgia, Ketthuc, KhachHangId) values ('Dragon Fruit', 'Davis Select Financial ETF', 32, '2020-04-02', 29);
insert into PhieuUuDai (Ten, Noitieuthu, Giamgia, Ketthuc, KhachHangId) values ('Potatoes - Mini Red', 'Biohaven Pharmaceutical Holding Company Ltd.', 21, '2020-03-26', 30);
insert into PhieuUuDai (Ten, Noitieuthu, Giamgia, Ketthuc, KhachHangId) values ('Muffin Batt - Choc Chk', 'Hilltop Holdings Inc.', 35, '2020-03-21', 31);
insert into PhieuUuDai (Ten, Noitieuthu, Giamgia, Ketthuc, KhachHangId) values ('Wine - Pinot Noir Pond Haddock', 'Fuling Global Inc.', 45, '2020-02-20', 32);
insert into PhieuUuDai (Ten, Noitieuthu, Giamgia, Ketthuc, KhachHangId) values ('Garam Marsala', 'Gray Television, Inc.', 87, '2020-03-20', 33);
insert into PhieuUuDai (Ten, Noitieuthu, Giamgia, Ketthuc, KhachHangId) values ('Wasabi Powder', 'CoreLogic, Inc.', 81, '2020-03-23', 34);
insert into PhieuUuDai (Ten, Noitieuthu, Giamgia, Ketthuc, KhachHangId) values ('Cheese - Cambozola', 'Oceaneering International, Inc.', 47, '2020-02-08', 35);
insert into PhieuUuDai (Ten, Noitieuthu, Giamgia, Ketthuc, KhachHangId) values ('Brandy Apricot', 'SK Telecom Co., Ltd.', 48, '2020-03-16', 36);
insert into PhieuUuDai (Ten, Noitieuthu, Giamgia, Ketthuc, KhachHangId) values ('Stock - Veal, Brown', 'Covenant Transportation Group, Inc.', 46, '2020-03-14', 37);
insert into PhieuUuDai (Ten, Noitieuthu, Giamgia, Ketthuc, KhachHangId) values ('Chinese Lemon Pork', 'J.B. Hunt Transport Services, Inc.', 99, '2020-03-23', 38);
insert into PhieuUuDai (Ten, Noitieuthu, Giamgia, Ketthuc, KhachHangId) values ('Rice - Wild', 'CMS Energy Corporation', 21, '2020-02-23', 39);
insert into PhieuUuDai (Ten, Noitieuthu, Giamgia, Ketthuc, KhachHangId) values ('Bread - French Baquette', 'Global Brass and Copper Holdings, Inc.', 14, '2020-03-15', 40);
insert into PhieuUuDai (Ten, Noitieuthu, Giamgia, Ketthuc, KhachHangId) values ('Calvados - Boulard', 'Super Micro Computer, Inc.', 78, '2020-03-28', 41);
insert into PhieuUuDai (Ten, Noitieuthu, Giamgia, Ketthuc, KhachHangId) values ('Beef - Tender Tips', 'NF Energy Saving Corporation', 19, '2020-02-28', 42);
insert into PhieuUuDai (Ten, Noitieuthu, Giamgia, Ketthuc, KhachHangId) values ('Yogurt - Peach, 175 Gr', 'Ambev S.A.', 67, '2020-02-03', 43);
insert into PhieuUuDai (Ten, Noitieuthu, Giamgia, Ketthuc, KhachHangId) values ('Cumin - Whole', 'MGM Resorts International', 51, '2020-03-31', 44);
insert into PhieuUuDai (Ten, Noitieuthu, Giamgia, Ketthuc, KhachHangId) values ('Pop - Club Soda Can', 'BGC Partners, Inc.', 88, '2020-02-04', 45);
insert into PhieuUuDai (Ten, Noitieuthu, Giamgia, Ketthuc, KhachHangId) values ('Ecolab - Lime - A - Way 4/4 L', 'Arcos Dorados Holdings Inc.', 52, '2020-03-19', 46);
insert into PhieuUuDai (Ten, Noitieuthu, Giamgia, Ketthuc, KhachHangId) values ('Juice - Pineapple, 48 Oz', 'NextEra Energy, Inc.', 56, '2020-02-10', 47);
insert into PhieuUuDai (Ten, Noitieuthu, Giamgia, Ketthuc, KhachHangId) values ('Mace', 'Manchester United Ltd.', 37, '2020-02-24', 48);
insert into PhieuUuDai (Ten, Noitieuthu, Giamgia, Ketthuc, KhachHangId) values ('Wine - Lou Black Shiraz', 'Wells Fargo & Company', 65, '2020-02-10', 49);
insert into PhieuUuDai (Ten, Noitieuthu, Giamgia, Ketthuc, KhachHangId) values ('Sauce - Fish 25 Ozf Bottle', 'BancFirst Corporation', 41, '2020-04-06', 50);


insert into Thongbao (Noidung, Thoigian, KhachHangId) values ('Nullam porttitor lacus at turpis. Donec posuere metus vitae ipsum. Aliquam non mauris.', '2019-05-21', 1);
insert into Thongbao (Noidung, Thoigian, KhachHangId) values ('In sagittis dui vel nisl. Duis ac nibh. Fusce lacus purus, aliquet at, feugiat non, pretium quis, lectus.', '2020-05-02', 2);
insert into Thongbao (Noidung, Thoigian, KhachHangId) values ('Duis aliquam convallis nunc. Proin at turpis a pede posuere nonummy. Integer non velit.', '2019-09-03', 3);
insert into Thongbao (Noidung, Thoigian, KhachHangId) values ('In hac habitasse platea dictumst. Etiam faucibus cursus urna. Ut tellus.', '2019-06-13', 4);
insert into Thongbao (Noidung, Thoigian, KhachHangId) values ('Vestibulum quam sapien, varius ut, blandit non, interdum in, ante. Vestibulum ante ipsum primis in faucibus orci luctus et ultrices posuere cubilia Curae; Duis faucibus accumsan odio. Curabitur convallis.', '2019-11-07', 5);
insert into Thongbao (Noidung, Thoigian, KhachHangId) values ('Duis consequat dui nec nisi volutpat eleifend. Donec ut dolor. Morbi vel lectus in quam fringilla rhoncus.', '2020-03-13', 6);
insert into Thongbao (Noidung, Thoigian, KhachHangId) values ('Cum sociis natoque penatibus et magnis dis parturient montes, nascetur ridiculus mus. Vivamus vestibulum sagittis sapien. Cum sociis natoque penatibus et magnis dis parturient montes, nascetur ridiculus mus.', '2020-01-18', 7);
insert into Thongbao (Noidung, Thoigian, KhachHangId) values ('Integer ac leo. Pellentesque ultrices mattis odio. Donec vitae nisi.', '2019-07-28', 8);
insert into Thongbao (Noidung, Thoigian, KhachHangId) values ('Praesent id massa id nisl venenatis lacinia. Aenean sit amet justo. Morbi ut odio.', '2019-09-30', 9);
insert into Thongbao (Noidung, Thoigian, KhachHangId) values ('Maecenas ut massa quis augue luctus tincidunt. Nulla mollis molestie lorem. Quisque ut erat.', '2019-05-24', 10);
insert into Thongbao (Noidung, Thoigian, KhachHangId) values ('Integer ac leo. Pellentesque ultrices mattis odio. Donec vitae nisi.', '2020-01-19', 11);
insert into Thongbao (Noidung, Thoigian, KhachHangId) values ('Sed ante. Vivamus tortor. Duis mattis egestas metus.', '2019-11-17', 12);
insert into Thongbao (Noidung, Thoigian, KhachHangId) values ('Curabitur at ipsum ac tellus semper interdum. Mauris ullamcorper purus sit amet nulla. Quisque arcu libero, rutrum ac, lobortis vel, dapibus at, diam.', '2019-09-05', 13);
insert into Thongbao (Noidung, Thoigian, KhachHangId) values ('Donec diam neque, vestibulum eget, vulputate ut, ultrices vel, augue. Vestibulum ante ipsum primis in faucibus orci luctus et ultrices posuere cubilia Curae; Donec pharetra, magna vestibulum aliquet ultrices, erat tortor sollicitudin mi, sit amet lobortis sapien sapien non mi. Integer ac neque.', '2019-12-15', 14);
insert into Thongbao (Noidung, Thoigian, KhachHangId) values ('Phasellus sit amet erat. Nulla tempus. Vivamus in felis eu sapien cursus vestibulum.', '2019-05-30', 15);
insert into Thongbao (Noidung, Thoigian, KhachHangId) values ('In quis justo. Maecenas rhoncus aliquam lacus. Morbi quis tortor id nulla ultrices aliquet.', '2019-11-12', 16);
insert into Thongbao (Noidung, Thoigian, KhachHangId) values ('Praesent blandit. Nam nulla. Integer pede justo, lacinia eget, tincidunt eget, tempus vel, pede.', '2019-05-20', 17);
insert into Thongbao (Noidung, Thoigian, KhachHangId) values ('Cras mi pede, malesuada in, imperdiet et, commodo vulputate, justo. In blandit ultrices enim. Lorem ipsum dolor sit amet, consectetuer adipiscing elit.', '2019-11-17', 18);
insert into Thongbao (Noidung, Thoigian, KhachHangId) values ('In congue. Etiam justo. Etiam pretium iaculis justo.', '2020-04-19', 19);
insert into Thongbao (Noidung, Thoigian, KhachHangId) values ('Quisque porta volutpat erat. Quisque erat eros, viverra eget, congue eget, semper rutrum, nulla. Nunc purus.', '2020-02-06', 20);
insert into Thongbao (Noidung, Thoigian, KhachHangId) values ('Praesent id massa id nisl venenatis lacinia. Aenean sit amet justo. Morbi ut odio.', '2020-03-07', 21);
insert into Thongbao (Noidung, Thoigian, KhachHangId) values ('Quisque porta volutpat erat. Quisque erat eros, viverra eget, congue eget, semper rutrum, nulla. Nunc purus.', '2020-05-04', 22);
insert into Thongbao (Noidung, Thoigian, KhachHangId) values ('Proin leo odio, porttitor id, consequat in, consequat ut, nulla. Sed accumsan felis. Ut at dolor quis odio consequat varius.', '2020-03-30', 23);
insert into Thongbao (Noidung, Thoigian, KhachHangId) values ('Phasellus sit amet erat. Nulla tempus. Vivamus in felis eu sapien cursus vestibulum.', '2019-10-03', 24);
insert into Thongbao (Noidung, Thoigian, KhachHangId) values ('Integer tincidunt ante vel ipsum. Praesent blandit lacinia erat. Vestibulum sed magna at nunc commodo placerat.', '2019-07-18', 25);
insert into Thongbao (Noidung, Thoigian, KhachHangId) values ('In congue. Etiam justo. Etiam pretium iaculis justo.', '2020-04-30', 26);
insert into Thongbao (Noidung, Thoigian, KhachHangId) values ('Duis bibendum, felis sed interdum venenatis, turpis enim blandit mi, in porttitor pede justo eu massa. Donec dapibus. Duis at velit eu est congue elementum.', '2019-09-29', 27);
insert into Thongbao (Noidung, Thoigian, KhachHangId) values ('Maecenas ut massa quis augue luctus tincidunt. Nulla mollis molestie lorem. Quisque ut erat.', '2019-06-06', 28);
insert into Thongbao (Noidung, Thoigian, KhachHangId) values ('Quisque id justo sit amet sapien dignissim vestibulum. Vestibulum ante ipsum primis in faucibus orci luctus et ultrices posuere cubilia Curae; Nulla dapibus dolor vel est. Donec odio justo, sollicitudin ut, suscipit a, feugiat et, eros.', '2019-05-30', 29);
insert into Thongbao (Noidung, Thoigian, KhachHangId) values ('Phasellus in felis. Donec semper sapien a libero. Nam dui.', '2019-09-22', 30);
insert into Thongbao (Noidung, Thoigian, KhachHangId) values ('Integer ac leo. Pellentesque ultrices mattis odio. Donec vitae nisi.', '2019-05-30', 31);
insert into Thongbao (Noidung, Thoigian, KhachHangId) values ('Aenean lectus. Pellentesque eget nunc. Donec quis orci eget orci vehicula condimentum.', '2019-05-31', 32);
insert into Thongbao (Noidung, Thoigian, KhachHangId) values ('Aenean fermentum. Donec ut mauris eget massa tempor convallis. Nulla neque libero, convallis eget, eleifend luctus, ultricies eu, nibh.', '2019-10-18', 33);
insert into Thongbao (Noidung, Thoigian, KhachHangId) values ('Curabitur gravida nisi at nibh. In hac habitasse platea dictumst. Aliquam augue quam, sollicitudin vitae, consectetuer eget, rutrum at, lorem.', '2019-06-07', 34);
insert into Thongbao (Noidung, Thoigian, KhachHangId) values ('Nulla ut erat id mauris vulputate elementum. Nullam varius. Nulla facilisi.', '2020-04-26', 35);
insert into Thongbao (Noidung, Thoigian, KhachHangId) values ('Phasellus sit amet erat. Nulla tempus. Vivamus in felis eu sapien cursus vestibulum.', '2019-06-28', 36);
insert into Thongbao (Noidung, Thoigian, KhachHangId) values ('Integer tincidunt ante vel ipsum. Praesent blandit lacinia erat. Vestibulum sed magna at nunc commodo placerat.', '2019-07-18', 37);
insert into Thongbao (Noidung, Thoigian, KhachHangId) values ('In hac habitasse platea dictumst. Morbi vestibulum, velit id pretium iaculis, diam erat fermentum justo, nec condimentum neque sapien placerat ante. Nulla justo.', '2020-03-01', 38);
insert into Thongbao (Noidung, Thoigian, KhachHangId) values ('Fusce consequat. Nulla nisl. Nunc nisl.', '2020-01-01', 39);
insert into Thongbao (Noidung, Thoigian, KhachHangId) values ('Praesent blandit. Nam nulla. Integer pede justo, lacinia eget, tincidunt eget, tempus vel, pede.', '2019-11-01', 40);
insert into Thongbao (Noidung, Thoigian, KhachHangId) values ('Integer tincidunt ante vel ipsum. Praesent blandit lacinia erat. Vestibulum sed magna at nunc commodo placerat.', '2020-03-18', 41);
insert into Thongbao (Noidung, Thoigian, KhachHangId) values ('In congue. Etiam justo. Etiam pretium iaculis justo.', '2020-04-29', 42);
insert into Thongbao (Noidung, Thoigian, KhachHangId) values ('Mauris enim leo, rhoncus sed, vestibulum sit amet, cursus id, turpis. Integer aliquet, massa id lobortis convallis, tortor risus dapibus augue, vel accumsan tellus nisi eu orci. Mauris lacinia sapien quis libero.', '2019-08-01', 43);
insert into Thongbao (Noidung, Thoigian, KhachHangId) values ('Fusce consequat. Nulla nisl. Nunc nisl.', '2020-01-03', 44);
insert into Thongbao (Noidung, Thoigian, KhachHangId) values ('In congue. Etiam justo. Etiam pretium iaculis justo.', '2019-05-27', 45);
insert into Thongbao (Noidung, Thoigian, KhachHangId) values ('Pellentesque at nulla. Suspendisse potenti. Cras in purus eu magna vulputate luctus.', '2019-08-18', 46);
insert into Thongbao (Noidung, Thoigian, KhachHangId) values ('Nam ultrices, libero non mattis pulvinar, nulla pede ullamcorper augue, a suscipit nulla elit ac nulla. Sed vel enim sit amet nunc viverra dapibus. Nulla suscipit ligula in lacus.', '2019-05-24', 47);
insert into Thongbao (Noidung, Thoigian, KhachHangId) values ('Nulla ut erat id mauris vulputate elementum. Nullam varius. Nulla facilisi.', '2020-03-30', 48);
insert into Thongbao (Noidung, Thoigian, KhachHangId) values ('Aenean lectus. Pellentesque eget nunc. Donec quis orci eget orci vehicula condimentum.', '2020-05-15', 49);
insert into Thongbao (Noidung, Thoigian, KhachHangId) values ('Duis bibendum. Morbi non quam nec dui luctus rutrum. Nulla tellus.', '2019-12-27', 50);


insert into TruongPhong (NhanVienId, PhongGiaoDichId) values (1, 1);
insert into TruongPhong (NhanVienId, PhongGiaoDichId) values (2, 2);
insert into TruongPhong (NhanVienId, PhongGiaoDichId) values (3, 3);
insert into TruongPhong (NhanVienId, PhongGiaoDichId) values (4, 4);
insert into TruongPhong (NhanVienId, PhongGiaoDichId) values (5, 5);
insert into TruongPhong (NhanVienId, PhongGiaoDichId) values (6, 6);
insert into TruongPhong (NhanVienId, PhongGiaoDichId) values (7, 7);
insert into TruongPhong (NhanVienId, PhongGiaoDichId) values (8, 8);
insert into TruongPhong (NhanVienId, PhongGiaoDichId) values (9, 9);
insert into TruongPhong (NhanVienId, PhongGiaoDichId) values (10, 10);
insert into TruongPhong (NhanVienId, PhongGiaoDichId) values (11, 11);
insert into TruongPhong (NhanVienId, PhongGiaoDichId) values (12, 12);
insert into TruongPhong (NhanVienId, PhongGiaoDichId) values (13, 13);
insert into TruongPhong (NhanVienId, PhongGiaoDichId) values (14, 14);
insert into TruongPhong (NhanVienId, PhongGiaoDichId) values (15, 15);
insert into TruongPhong (NhanVienId, PhongGiaoDichId) values (16, 16);
insert into TruongPhong (NhanVienId, PhongGiaoDichId) values (17, 17);
insert into TruongPhong (NhanVienId, PhongGiaoDichId) values (18, 18);
insert into TruongPhong (NhanVienId, PhongGiaoDichId) values (19, 19);
insert into TruongPhong (NhanVienId, PhongGiaoDichId) values (20, 20);
insert into TruongPhong (NhanVienId, PhongGiaoDichId) values (21, 21);
insert into TruongPhong (NhanVienId, PhongGiaoDichId) values (22, 22);
insert into TruongPhong (NhanVienId, PhongGiaoDichId) values (23, 23);
insert into TruongPhong (NhanVienId, PhongGiaoDichId) values (24, 24);
insert into TruongPhong (NhanVienId, PhongGiaoDichId) values (25, 25);
insert into TruongPhong (NhanVienId, PhongGiaoDichId) values (26, 26);
insert into TruongPhong (NhanVienId, PhongGiaoDichId) values (27, 27);
insert into TruongPhong (NhanVienId, PhongGiaoDichId) values (28, 28);
insert into TruongPhong (NhanVienId, PhongGiaoDichId) values (29, 29);
insert into TruongPhong (NhanVienId, PhongGiaoDichId) values (30, 30);
insert into TruongPhong (NhanVienId, PhongGiaoDichId) values (31, 31);
insert into TruongPhong (NhanVienId, PhongGiaoDichId) values (32, 32);
insert into TruongPhong (NhanVienId, PhongGiaoDichId) values (33, 33);
insert into TruongPhong (NhanVienId, PhongGiaoDichId) values (34, 34);
insert into TruongPhong (NhanVienId, PhongGiaoDichId) values (35, 35);
insert into TruongPhong (NhanVienId, PhongGiaoDichId) values (36, 36);
insert into TruongPhong (NhanVienId, PhongGiaoDichId) values (37, 37);
insert into TruongPhong (NhanVienId, PhongGiaoDichId) values (38, 38);
insert into TruongPhong (NhanVienId, PhongGiaoDichId) values (39, 39);
insert into TruongPhong (NhanVienId, PhongGiaoDichId) values (40, 40);
insert into TruongPhong (NhanVienId, PhongGiaoDichId) values (41, 41);
insert into TruongPhong (NhanVienId, PhongGiaoDichId) values (42, 42);
insert into TruongPhong (NhanVienId, PhongGiaoDichId) values (43, 43);
insert into TruongPhong (NhanVienId, PhongGiaoDichId) values (44, 44);
insert into TruongPhong (NhanVienId, PhongGiaoDichId) values (45, 45);
insert into TruongPhong (NhanVienId, PhongGiaoDichId) values (46, 46);
insert into TruongPhong (NhanVienId, PhongGiaoDichId) values (47, 47);
insert into TruongPhong (NhanVienId, PhongGiaoDichId) values (48, 48);
insert into TruongPhong (NhanVienId, PhongGiaoDichId) values (49, 49);
insert into TruongPhong (NhanVienId, PhongGiaoDichId) values (50, 50);

